0.36,0.9,1.6963
1,0.7,0.62786
0.13,0.7,1.4824
0.67,0.6,-0.24061
0.67,0.92,0.074102
0.64,0.86,0.03927
0.98,0.91,0.87774
0.19,0.64,1.6162
0.67,0.41,-0.48146
0.08,0.16,0.66677
0.23,0.73,1.7558
0.45,0.27,0.58374
0.52,0.77,0.65361
0.19,1,1.8719
0.12,0.27,0.94289
0.08,0.4,0.79399
0.98,0.83,0.72748
0.28,0.76,1.686
0.8,0.77,-0.084083
0.38,0.3,1.0124
0.77,0.06,-0.99606
0.79,0.33,-0.64191
0.3,0.49,1.4203
0.35,0.51,1.3388
0.91,0.75,0.22493
0.42,0.7,1.1788
0.38,0.94,1.6545
0.63,0.54,-0.2646
0.7,0.05,-0.90541
0.68,0.57,-0.39377
0.14,0.45,1.2488
0.11,0.69,1.2466
0.12,0.26,1.006
0.41,0.24,0.81148
0.77,0.07,-0.95083
0.42,0.37,0.75636
0.39,0.19,0.75132
0.61,0.48,-0.11955
0.35,0.56,1.4008
0.38,0.51,1.1779
0.15,0.88,1.6987
0.64,0.82,-0.038707
0.82,0.61,-0.24639
0.17,0.94,1.8632
0.21,0.32,1.3194
0.55,0.64,0.27236
0.06,0.19,0.52192
0.02,0.97,1.0959
0.69,0.18,-0.71128
0.81,0.21,-0.78464
0.97,0.55,0.35524
0.44,0.41,0.80477
0.45,0.93,1.2558
0.7,0.27,-0.67541
0.9,0.58,-0.010433
0.73,0.86,-0.13883
0.02,0.06,0.21079
0.86,0.72,-0.019586
0.68,0.59,-0.25689
0.68,0.2,-0.80447
0.58,0.89,0.50501
0.44,0.43,0.79367
0.19,0.16,1.1295
0.26,0.88,1.8365
0.79,0.6,-0.42196
0.66,0.74,-0.12963
0.44,0.03,0.31732
0.44,0.18,0.6016
0.37,0.48,1.1508
0.18,0.91,1.752
0.21,0.4,1.3398
0.09,0.7,1.2382
0.83,0.82,-0.044781
0.14,0.28,1.0166
0.97,0.24,0.10507
0.29,0.65,1.739
0.02,0.72,0.80936
0.62,0.52,-0.050147
0.79,0.42,-0.61535
0.74,0.85,-0.29066
0.34,0.12,1.0278
0.16,0.13,0.99234
0.34,0.54,1.4544
0.46,0.16,0.32832
0.06,0.34,0.78637
0.65,0.29,-0.49154
0.67,0.74,-0.11636
0.69,0.58,-0.40953
0.67,0.38,-0.45007
0.54,0.95,0.66092
0.66,0.27,-0.67671
0.15,0.1,0.93055
0.91,0.65,0.098934
0.77,0.21,-0.69658
0.56,0.16,-0.15946
0.41,0.92,1.4114
0.53,0.81,0.75279
0.96,0.71,0.49615
0.21,0.55,1.4011
0.15,0.96,1.686
0.77,0.23,-0.81387
0.84,0.43,-0.38105
0.33,0.93,1.7701
0.63,0.9,0.15383
0.45,0.6,0.93625
0.32,0.35,1.2312
0.34,0.58,1.4375
0,0.99,0.98171
0.65,0.42,-0.34501
0.42,0.58,1.0119
0.37,0.43,1.1446
0,0.31,0.39197
0.69,0.91,-0.017009
0.76,0.54,-0.40149
0.82,0.38,-0.49849
0.51,0.72,0.75468
0.72,0.63,-0.26857
0.96,0.06,-0.20765
0.91,0.4,-0.17345
0.72,0.28,-0.72528
0.15,0.84,1.569
0.31,0.17,1.0401
0.01,0.52,0.59911
0.35,0.29,1.115
0.37,0.41,1.2004
0.94,0.65,0.22907
0.14,0.37,1.2255
0.31,0.83,1.7748
0.75,0.95,-0.072794
0.37,0.16,0.90905
0.85,0.25,-0.59828
0.11,0.08,0.74478
0.08,0.15,0.52004
0.21,0.68,1.6901
0.6,0.1,-0.49549
0.49,0.78,0.83445
0.08,0.43,0.8726
0.34,0.38,1.1378
0.76,0.74,-0.2474
0.9,0.01,-0.64068
0.65,0.13,-0.67974
0.74,0.29,-0.70945
0.53,0.83,0.67676
0.43,0.23,0.63786
0.78,0.23,-0.73663
0.34,0.15,1.0459
0.49,0.37,0.4235
0.72,0.93,-0.083713
0.97,0.56,0.41129
0.75,0.28,-0.61985
0.06,0.16,0.61645
0.31,0.22,1.1895
0.97,0.04,-0.12873
0.58,0.12,-0.34155
0.7,0.51,-0.47381
1,0.38,0.35899
0.13,0.1,0.82524
0.83,0.95,0.055491
0.66,0.37,-0.47213
0.02,0.37,0.50925
0.19,0.26,1.212
0.84,0.99,0.16827
0.51,0.46,0.34704
0.61,0.81,0.16419
0.42,0.59,1.0936
0.91,0.72,0.26103
0.4,0.19,0.72697
0.93,0.82,0.34935
0.62,0.31,-0.43945
0.6,0.97,0.53619
0.75,0.45,-0.52
0.46,0.46,0.73434
0.98,0.24,0.10765
0.56,0.91,0.59282
0.16,0.64,1.4195
0.46,0.93,1.2373
0.82,0.77,-0.15041
0.25,0.65,1.6262
0.82,0.97,0.10637
0.23,0,0.97814
0.03,0.06,0.13373
0.34,0.52,1.3722
0.26,0.28,1.3036
0,0.95,0.94773
0.76,0.39,-0.59202
0.62,0.67,-0.024683
0.6,0.95,0.42723
0.53,0.22,-0.11493
0.52,0.12,-0.011527
0.18,0.57,1.5322
0.44,0.79,1.11
0.08,0.36,0.78417
0.14,0.72,1.5026
0.46,0.33,0.64847
0.64,0.03,-0.77318
0.96,0.84,0.58986
0.56,0.03,-0.34131
0.51,0.42,0.31974
1,0.64,0.65695
0.03,0.37,0.53174
0.19,0.45,1.3709
0.25,0.17,1.1611
0.44,0.66,0.98
0.71,0.97,-0.03095
0.69,0.48,-0.47568
0.09,0.24,0.75798
0.3,0.81,1.8496
0.61,0.07,-0.55516
0.65,0.23,-0.53526
0.46,0,0.23289
0.61,0.71,0.059438
0.33,0.7,1.6299
0.41,0.79,1.4492
0.99,0.38,0.31163
0.32,0.57,1.6168
0.79,0.53,-0.50381
0.85,0.68,-0.1522
0.54,0.49,0.21281
0.2,0.07,0.99655
0.48,0.9,0.98228
0.73,0.81,-0.11697
0.29,0.88,1.7426
0.91,0.74,0.077182
0.33,0.67,1.645
0.07,0.94,1.3532
0.99,0.92,0.88603
0.06,0.93,1.3972
0.52,0,-0.046564
0.13,0.29,0.94667
0.75,0.66,-0.30684
0.96,0.94,0.62709
0.28,0.08,0.99845
0.75,0.84,-0.27361
1,0.02,0.05665
0.5,0.58,0.5836
0.36,0.24,0.90225
0.55,0.96,0.64991
0.73,0.32,-0.73404
0.49,0.02,0.04309
0.54,0.09,-0.13725
0.24,0.73,1.7169
0.55,0.53,0.19273
0.83,0.05,-0.85596
0.24,0.54,1.5996
0.49,0.66,0.76594
0.64,0.77,-0.11975
0.51,1,0.96234
0.77,0.44,-0.55797
0.56,0.32,-0.098199
0.77,0.75,-0.33436
0.36,0.35,1.0969
0.79,0.93,-0.094797
0.59,0.54,-0.020003
0.37,0.93,1.5992
0.11,0.67,1.3428
0.94,0.3,-0.089534
0.55,0.01,-0.32025
0.22,0.93,1.9261
0.72,1,0.04065
0.55,0.18,-0.09906
0.32,0.71,1.6062
0.78,0.89,-0.055433
0.64,0.36,-0.43055
0.34,0.9,1.7278
0.27,0.65,1.6088
0.94,0.34,0.0044903
0.18,0.24,1.2424
0.27,0.42,1.4121
0.4,0.83,1.397
0.78,0.46,-0.4773
0.95,0.16,-0.20742
0.79,0.01,-0.8792
0.46,0.43,0.6154
0.86,0.07,-0.74295
0.32,0.31,1.2652
0.01,0.6,0.71236
0.92,0.6,0.067732
0.5,0.04,0.026071
0.11,0.73,1.3168
0.63,0.55,-0.18137
0.41,0.98,1.4583
0.95,0.6,0.30509
0.94,0.75,0.37191
0.93,0.88,0.36377
0.2,0.41,1.2715
0.75,0.06,-0.98218
0.16,0.3,1.1281
0.65,0.9,0.08264
0.33,0.06,0.96372
0.59,0.15,-0.3864
0.2,0.13,1.0729
0.03,0.48,0.7717
0.5,0.95,0.96522
0.29,0.38,1.4036
0.17,0.28,1.0485
0.21,0.07,0.98074
0.28,0.05,1.108
0.73,0.93,0.071358
0.73,0.89,-0.051444
0.84,0.23,-0.62542
0.74,0.69,-0.32492
0.07,0.41,0.87527
0.14,0.12,1.0097
0.39,0.54,1.2186
0.94,0.72,0.3985
0.94,0.84,0.48875
0.05,0.83,1.1086
0.66,0.78,-0.050077
0.47,0.91,1.1205
0.78,0.16,-0.85114
0.86,0.6,-0.14934
0.26,0.4,1.3119
0.46,0.91,1.2389
0.22,0.49,1.4867
0.85,0.79,-0.0044428
0.86,0.92,0.20764
0.22,0.67,1.6534
0.22,0,0.97449
0.57,0.67,0.24756
0.46,0.57,0.84343
0.75,0.07,-0.89275
0.29,0.89,1.8411
0.63,0.94,0.34727
0.97,0.92,0.60108
1,0.89,0.85575
0.76,0.82,-0.27673
0.81,0.4,-0.6535
0.98,0.28,0.17206
0.84,0.84,0.036687
0.5,0.86,0.83519
0.15,0.63,1.4563
0.88,0.62,-0.10273
0.59,0.02,-0.57212
0.03,0.83,0.93384
0.31,1,1.9167
0.9,0.57,-0.042028
0.17,0.48,1.306
0.74,0.87,-0.088325
0.75,0.16,-0.83211
0.02,0.21,0.27365
0.38,0.49,1.1157
0.98,0.08,-0.033347
0.72,0.49,-0.31042
0.65,0.85,0.038659
0.12,0.2,0.92248
0.34,0.39,1.2668
0.79,0.84,-0.17598
0.69,0.25,-0.58952
0.23,0.27,1.1891
0.98,0.51,0.44759
0.27,0.71,1.7244
0.7,0.12,-0.82813
0.99,0.44,0.34128
0.62,0.89,0.20518
0.41,1,1.4393
0.58,0.39,-0.14258
0.06,0.96,1.2834
0.47,0.21,0.48736
0.29,0.32,1.3071
0.78,0.21,-0.78769
0.19,0.98,1.8977
0.06,0.45,0.85002
0.95,0.23,-0.10094
0.73,0.7,-0.30813
0.54,0.81,0.40811
0.19,0.61,1.4957
0.21,0.14,1.0364
0.81,0.85,-0.064119
0.71,1,0.011468
0.87,0.89,0.22567
0.25,0.51,1.4554
0.23,0.64,1.6435
0.58,0.78,0.37383
0.97,0.48,0.26622
0.24,0.55,1.543
0.08,0.05,0.54306
0.45,0.2,0.58782
0.61,0.77,0.2116
0.81,0.8,-0.11813
0.97,0.67,0.47098
0.41,0.68,1.1614
0.61,0.45,-0.22582
0.87,0.72,-0.11254
0.93,0.72,0.38415
0.34,0.65,1.5342
0.49,0.03,0.12488
0.23,0.6,1.6067
0.82,0.63,-0.29836
0.68,0.07,-0.86289
0.8,0.24,-0.74661
0.66,0.58,-0.25515
0.98,0.86,0.63048
0.24,0.27,1.3342
0.68,0.83,-0.077538
0.04,0.02,0.27322
0.19,0.81,1.6999
0.02,0.81,0.81835
0.74,0.25,-0.79172
0.29,0.93,1.8602
0.38,0.07,0.76868
0.25,0.26,1.1633
0.02,0.62,0.77812
0.48,0.53,0.62525
0.6,0.98,0.39787
0.4,0.03,0.72893
0.21,0.87,1.7874
0.22,0.61,1.6316
0.96,0.14,-0.13379
0.19,0.49,1.3891
0.27,0.51,1.5727
0.16,0.97,1.7589
0.77,0.9,-0.12353
0.88,0.58,-0.078497
0.47,0.86,0.99727
0.24,0.97,2.0128
0.93,0.7,0.2896
0.75,0.31,-0.55018
0.41,0.47,0.99043
1,0.79,0.77166
0.58,0.56,0.08739
0.36,0.03,0.8002
0.44,0.4,0.74836
0.74,0.33,-0.68347
0.49,0.39,0.52321
0.88,0.49,-0.12221
0.79,0.05,-0.9453
1,0.96,0.83318
0.6,0.47,-0.14499
0.71,0,-0.97191
0.11,0.7,1.2851
0.54,0.44,0.24239
0,0.32,0.27988
0.2,0.73,1.6503
0.27,0.85,1.895
0.69,0.02,-0.95108
0.67,0.45,-0.398
0.86,0,-0.79088
0.74,0.6,-0.43427
0.51,0.8,0.75463
0.64,0.89,0.13294
0.01,0.18,0.20489
0.63,0.16,-0.66491
0.67,0.58,-0.28096
0.36,0.62,1.3987
0.4,0.73,1.2792
0.59,0.4,-0.12866
0.5,0.1,0.046306
0.92,0.48,0.041151
0.17,0.58,1.445
0.66,0.3,-0.6111
0.79,0.76,-0.19296
0.62,0.04,-0.71367
0.48,0.75,0.87885
0.35,0.81,1.5685
0.73,0.85,-0.070475
0.35,0.72,1.6068
0.68,0.01,-0.92043
0.01,0.78,0.84145
0.58,0.68,0.12292
0.61,0.35,-0.26635
0.75,0.85,-0.24779
0.87,0.74,0.064003
0.77,0.13,-0.92792
0.58,0.35,-0.20689
0.56,0.86,0.49932
0.96,0.05,-0.20077
0.81,0.67,-0.22133
0.42,0.78,1.1911
0.02,0.76,0.86251
0.02,0.68,0.724
0,0.66,0.63535
0.96,0.07,-0.25154
0.69,0.5,-0.35638
0.56,0.62,0.30546
0.28,0.91,1.8795
0.37,0.7,1.4154
0.19,0.06,0.99081
0.28,0.82,1.7213
0.74,0.46,-0.62474
0.86,0.94,0.11758
0.82,0.64,-0.30796
0.6,0.54,-0.10774
0.53,0.48,0.26087
0.85,0.86,0.0020356
0.72,0.45,-0.5649
0.28,0.4,1.4018
0.73,0.06,-0.97325
0.77,0.01,-1.0094
0.37,0.47,1.3191
0.67,0.39,-0.52071
0.93,0.04,-0.46306
0.23,0.95,1.8717
0.45,0.04,0.29236
0.96,0.69,0.54011
0.17,0.3,1.121
0.86,0.18,-0.61922
0.25,0.19,1.1472
0.96,0.79,0.60962
0.94,0.07,-0.33678
0.96,0.48,0.20965
0.64,0.41,-0.38947
0.18,0.65,1.5009
0.58,0.87,0.27318
0.9,1,0.44532
0.96,0.39,0.19469
0.24,0.2,1.2446
0.33,0.53,1.3852
0.32,0.49,1.3673
0.75,0.47,-0.52875
0.83,0.27,-0.60376
0.91,0.23,-0.33331
0.92,0.56,0.15674
0.48,0.99,1.1512
0.11,0.24,0.80853
0.15,0.91,1.7121
0.37,0.71,1.4609
0.68,0.03,-0.81725
0.99,0.77,0.64438
0.41,0.82,1.3274
0.28,0.26,1.2248
0.56,0.4,0.1211
0.24,0.29,1.336
0.37,0.87,1.5727
0.04,0.4,0.6556
0.41,0.67,1.1462
0.5,0.14,0.18037
0.82,0.34,-0.52349
0.68,0.36,-0.51123
0.37,0.91,1.7271
0.25,0.54,1.6032
0.43,0.94,1.3699
0.96,0.63,0.3982
0.01,0.03,0.052367
0,0.92,0.81493
0.97,0.8,0.55013
0.1,0.81,1.3967
0.38,0.71,1.4345
0.26,0.68,1.6524
0.03,0.33,0.52342
0.99,0.23,0.15777
0.13,0.32,1.0422
0.58,0.5,0.19281
0.09,0.87,1.398
0.34,0.98,1.7569
0.19,0.35,1.2111
0.73,0.91,-0.032831
0.67,0.36,-0.44754
0.04,0.5,0.75295
0.59,0.39,-0.1004
0.26,0.37,1.4043
0.45,0.01,0.3393
0.26,0.52,1.4898
0.74,1,0.0028823
0.4,0.3,0.87673
0.4,0.9,1.5584
0.89,0.24,-0.38204
0.86,0.68,-0.080157
0.35,0.15,0.8813
0.24,0.76,1.7191
0.12,0.5,1.193
0.97,0.43,0.19767
0.6,0.75,0.17543
0.37,0.89,1.6324
0.92,0.52,0.10653
0.83,0.75,-0.15059
0.34,0.79,1.5709
0.95,0.81,0.54989
0.66,0.73,-0.25111
0.16,0.23,1.1458
0.63,0.19,-0.55378
0.72,0.06,-0.91981
0.17,0.46,1.3339
0.29,0.37,1.3138
0.82,0.98,0.16471
0.44,0.64,1.0306
0.98,0.3,0.19804
0.03,0.01,0.23907
0.79,0.72,-0.31227
0,0.73,0.73655
0.88,0.66,-0.023056
0.31,0.33,1.2439
0.6,0.11,-0.52894
0.13,0.42,1.0984
0.85,0.91,0.087512
0.16,0.01,0.76838
0.49,0.24,0.25681
0.33,0.24,1.1811
0.15,0.61,1.3903
0.56,0.12,-0.25623
0.9,0.61,0.038269
0.42,0.47,0.95667
0.14,0.85,1.6111
0,0.28,0.32632
0.49,0.08,0.16573
0.03,1,1.0892
0.19,0.66,1.5775
0.82,0.53,-0.40549
0.37,0.52,1.2745
0.42,0.88,1.3891
0.06,0.82,1.1734
0.91,0.89,0.4171
0.84,0.33,-0.46995
0.74,0.89,-0.076615
0.24,0.79,1.8369
0.12,0.05,0.7521
0.93,0.4,-0.031301
0.24,0.6,1.6442
0.24,0.93,1.893
0.73,0.08,-0.89364
0.78,0.3,-0.61439
0.27,0.92,1.9329
0.77,0.16,-0.85154
0.33,0.83,1.6391
0.94,0.14,-0.29541
0.53,0.98,0.85994
0.05,0.55,0.94862
0.66,0.07,-0.71396
0.26,0.84,1.8531
0.39,0.23,0.87958
0.3,0.3,1.188
0.75,0.65,-0.39574
0.09,0.39,0.96022
0.1,0.74,1.3875
0.96,0,-0.21914
0.82,0,-0.915
0.94,0.09,-0.2509
0.62,0.25,-0.49743
0.24,0.72,1.7363
0.9,0.27,-0.32543
0.51,0.59,0.48435
0.66,0.54,-0.30147
0.36,0.63,1.2952
0.83,0.89,0.034469
0.87,0.24,-0.47481
0.76,0.25,-0.77222
0.61,0.69,0.00407
0.43,0.27,0.63266
0.72,0.35,-0.59391
0.39,0.32,0.85558
0.15,0.46,1.3101
0.45,0.61,0.94755
0.15,0.37,1.1497
0.65,0.97,0.20971
0.84,0.19,-0.59092
0.26,0.48,1.342
0.71,0.53,-0.46107
0.07,0.21,0.52826
0.73,0.95,-0.091643
0.09,0.46,1.0912
0.21,0.22,1.1439
0.25,0.1,1.0799
0.87,0.84,0.12665
0.71,0.71,-0.28497
0.89,0.55,-0.085811
0.9,0.04,-0.47925
0.65,0.8,0.032242
0.12,0.62,1.3625
0.48,0.94,1.1194
0.28,0.85,1.868
0.46,0.77,1.0436
1,0.19,0.10238
0.69,0.32,-0.53485
0.12,0.36,1.0121
0.89,0.95,0.31326
0.62,0.97,0.22437
0.66,0.22,-0.58434
0.49,0.06,0.099184
0.48,0.35,0.53882
0.52,0.66,0.54321
0.21,0.6,1.5685
0.13,0.71,1.4786
0.64,0.8,0.010068
0.8,0.38,-0.53994
0.19,0.27,1.253
0.4,0.66,1.2314
0.27,0.74,1.7699
0.88,0.95,0.34964
0.71,0.01,-0.95925
0.08,0.28,0.63344
0.91,0.47,0.027233
0.44,0.37,0.78567
0.92,0.55,0.06434
0.68,0.37,-0.55365
0.91,0.41,-0.12221
0.64,0.16,-0.63817
0.05,0.08,0.39275
0.51,0.7,0.64295
0.53,0.26,0.11992
0.92,0.67,0.15991
0.88,0.69,0.038383
0.41,0.5,1.0026
0.27,0.4,1.279
0.11,0.19,0.82838
0.09,0.97,1.5241
0.65,0.75,0.025725
0.7,0.18,-0.63993
0.41,0.25,0.77542
0.27,0.2,1.2352
0.54,0.74,0.44951
0.72,0.5,-0.54459
0.86,0.83,0.055967
0.56,0.93,0.58682
0.5,0.78,0.75316
0.77,0.51,-0.52991
0.65,0.74,-0.026754
0.48,0.34,0.47337
0.59,0.51,-0.007024
0.66,0.04,-0.74958
0.55,0.06,-0.2514
0.91,0.17,-0.36787
0.72,0.74,-0.19538
0.3,0.48,1.3844
0.46,0.41,0.72271
0.46,0.87,1.1235
0.57,0.5,0.11044
0.4,0.86,1.3866
0.41,0.07,0.61992
0.65,0.5,-0.23011
0.41,0.48,1.0358
0.79,0.22,-0.70593
0.1,0.59,1.217
0.52,0.15,0.10019
0.02,0.58,0.61893
1,0.42,0.36792
0.39,0.28,0.91302
0.34,0.69,1.6089
0.33,0.02,0.88636
0.63,0.59,-0.2167
0.09,0.29,0.74496
0.47,0.02,0.31336
0.62,0.71,-0.047478
0.24,0.19,1.1591
0.91,0.59,0.037594
0.77,0.09,-0.91002
0.73,0.2,-0.78512
0.6,0.4,-0.16858
0.98,0.76,0.64519
0.55,0.76,0.5591
0.19,0.96,1.8675
0.28,0.31,1.3719
0.24,0.94,1.8874
0.36,0.45,1.1605
0.21,0.49,1.4893
0.01,0.9,0.8321
0.79,0.02,-1.0118
0.7,0.26,-0.75421
0,0.07,0.073571
0.48,0.55,0.75666
0.67,0.07,-0.84684
0.04,0.78,0.98097
0.91,0.98,0.40238
0.01,0.62,0.64091
0.08,0.97,1.3887
0.56,0.46,0.21772
0.23,0.65,1.505
0.05,0.01,0.25691
0.31,0.69,1.5247
0.31,0.87,1.8225
0.8,0.91,-0.0297
0,0.79,0.72244
0.55,0.03,-0.29648
0.8,0.88,-0.054089
0.33,0.17,1.0183
0.84,0.63,-0.23025
0.52,0.39,0.28213
0.16,0.9,1.7224
0.36,0.57,1.3442
0.96,0.26,0.084967
0,0.88,0.86624
0.13,0.84,1.4855
0.32,0.79,1.7631
0.06,0.85,1.172
0.47,0.43,0.62756
0.96,0.65,0.3598
0.96,0.96,0.71269
0.44,0.85,1.1609
0.79,0.9,-0.038574
0.07,0.47,0.88023
0,0.61,0.5625
0.35,0.93,1.7987
0.43,0.67,1.0627
0.83,0.83,-0.012178
0.11,0.31,0.95874
0.6,0.46,-0.15942
0.45,0.41,0.73396
0.09,0.61,1.0565
0.67,0.16,-0.7881
0.9,0.47,-0.24737
0.19,0.69,1.723
0.51,0.45,0.36522
0.05,0.87,1.234
0.56,0.21,-0.20831
0.94,0.9,0.44807
1,0.45,0.45804
0.43,0.54,0.94493
0.05,0.76,1.0316
0.35,0.96,1.7455
0.88,0.37,-0.23499
0.76,0.16,-0.81745
0.84,0.09,-0.72239
0.62,0.63,-0.095118
0.65,0.57,-0.21524
0.94,0.23,-0.075875
0.84,0.68,-0.21714
0.76,0.92,-0.12073
0.72,0.4,-0.60102
0.71,0.51,-0.45185
0.21,0.35,1.3794
0.13,0.37,1.0763
0.32,0.09,0.92551
0.12,0.29,0.96547
0.97,0.21,0.018098
0.09,0.38,0.83131
0.86,0.89,0.1792
0.04,0.18,0.4512
0.23,0.31,1.2728
0.71,0.91,-0.011317
0.46,0.12,0.39738
0.01,0.06,0.077245
0.42,0.75,1.344
0.18,0.54,1.4125
0.41,0.02,0.58098
0.43,0.49,0.93631
0.78,0.33,-0.76868
0.11,0.2,0.86636
0.94,0.74,0.38003
0.08,0.13,0.58432
0.13,0.63,1.348
0.08,0.63,1.1745
0.67,0.47,-0.42111
0.41,0.52,1.0689
0.07,0.55,0.96158
0.87,0.65,-0.077485
0.2,0.66,1.6232
0.95,0.98,0.64827
0.44,0.72,1.1063
0.82,0.93,-0.055281
0.7,0.5,-0.46429
0.47,0.82,0.9024
1,0.31,0.3116
0.48,0.73,0.80245
0.01,0.24,0.31354
0.01,0.61,0.65786
0.76,0.85,-0.063987
0.99,0.25,0.19598
0.55,0.21,-0.040918
0.04,0.36,0.47406
0.79,0.78,-0.14478
0.14,0.44,1.1991
0.34,0.08,0.87298
0.19,0.07,1.0349
0.51,0.28,0.20809
0.79,0.06,-1.0037
0.58,0.19,-0.38366
0.75,0.86,-0.25795
0.37,0.67,1.3339
0.24,0.48,1.345
0.15,0.44,1.2054
0.59,0.93,0.45181
0.92,0.39,-0.23218
0.65,0.54,-0.27768
0.81,0.17,-0.7909
0,0.18,0.24853
0.95,0.25,-0.043892
1,0.33,0.42719
0.79,0.34,-0.55445
0.48,0.48,0.58113
0.73,0.79,-0.17438
0.39,0.65,1.2824
0.38,0.23,0.94332
0.45,0.3,0.59004
0.65,0.19,-0.65868
0.76,0.26,-0.72047
0.45,0.65,1.0427
1,0.17,0.11435
0.86,0.79,0.045045
0.94,0.06,-0.29214
0.66,0.98,0.14996
0.29,0.72,1.7379
0.24,0.34,1.3401
0.98,0.16,0.042219
0.63,0.68,-0.030803
0.85,0.01,-0.73565
0.12,0.57,1.189
0.29,0.82,1.7213
0.24,0.47,1.467
0.84,0.55,-0.34342
0.9,0.39,-0.191
0.21,0.65,1.6656
0.52,0.46,0.38598
0.14,0.41,1.1687
0.27,0.53,1.5543
0.34,0.51,1.3309
0.12,0.6,1.2736
1,1,0.95712
0.03,0.84,0.97745
0.06,0.6,0.99105
0.83,0.94,0.10546
0.33,0.82,1.7009
0.46,0.15,0.24622
0.35,0.48,1.2881
0.08,0.09,0.55443
0.11,0.27,0.93674
0.77,0.32,-0.55099
0.92,0.71,0.21094
0.77,0.14,-0.72213
0.77,0.03,-1.0972
0.97,0.38,0.1702
0.27,0.87,1.8586
0.39,0.3,0.89067
0.64,0.67,-0.12949
0.62,0.75,0.021745
0.13,0.27,1.0321
0.31,0.6,1.4982
0.78,0.9,-0.066631
0.2,0.75,1.6976
0.75,0.35,-0.7353
0.68,0.68,-0.22172
0.26,0.49,1.4501
0.78,0.87,-0.059625
0.73,0.11,-0.8428
0.6,0.28,-0.25798
0.07,0.95,1.3082
0.91,0.43,-0.10671
0.86,0.17,-0.58692
0.05,0.53,0.95778
0.69,0.67,-0.3004
0.69,0.7,-0.2561
0.36,0.04,0.82428
0.17,0.98,1.9432
0.02,0.67,0.85068
0.9,0.76,0.044302
0.65,0.77,-0.18215
0.08,0.75,1.2099
0.82,0.32,-0.53203
0.97,0.62,0.43308
0.92,0.83,0.3584
0.99,0.89,0.84675
0.33,0.54,1.4414
0.87,0.37,-0.2908
0.58,0.91,0.39128
0.23,0.26,1.3136
0.52,0.74,0.68669
0.93,0.34,-0.11541
0.44,0.78,1.1057
0.63,0.78,-0.012875
0.27,0.18,1.1608
0.91,0.77,0.21205
0.91,0.08,-0.4554
0.52,0.59,0.49922
0.48,0.07,0.2121
0.57,0.83,0.41693
0.91,0.36,-0.075889
0.45,0.71,1.1417
0.98,0.17,0.066877
0.02,0.87,1.0135
0.13,0.02,0.60626
0.08,0,0.62442
0.7,0.29,-0.69905
0.88,0.85,0.22073
0.88,0.15,-0.5589
0.7,0.56,-0.37034
0.17,0.06,0.96724
0.5,0.99,0.95759
0.03,0.08,0.3535
0.96,0.08,-0.15544
0.87,0.25,-0.48164
0.47,0.84,1.0366
0.94,0.6,0.36998
0.01,0.17,0.27002
0.94,0.16,-0.24408
0.87,0.61,-0.14482
0.3,0.47,1.5028
0.46,0.27,0.51555
0.68,0.46,-0.50773
0.82,0.35,-0.60778
0.2,0.03,0.99785
0.22,0.44,1.446
0.1,0.85,1.4783
0.38,0.74,1.3841
0.04,0.82,0.99859
0.2,0.76,1.6715
0.23,0.88,1.8873
0.24,0.4,1.3639
0.39,0.7,1.3564
0.22,0.18,1.1713
0.34,0.17,1.0484
0.59,0.7,0.15234
0.28,0.42,1.417
0.96,0.15,-0.045036
0.4,0.99,1.6644
0.16,0.67,1.586
0.2,0.59,1.4662
0.85,0.44,-0.42223
0.96,0.24,-0.045458
0.24,0.41,1.3622
0.45,0.46,0.73183
0.55,0.56,0.23754
0.22,0.86,1.8355
0.34,0.01,0.97712
0.49,0.15,0.19163
0.65,0.62,-0.13961
0.05,0.62,0.93889
0.9,0.41,-0.22027
0.14,0.81,1.5045
0.27,0.34,1.2245
0.7,0.25,-0.64495
0.92,0.74,0.22114
0.11,0.94,1.5485
0.86,0.21,-0.56692
0.52,0.11,0.015393
1,0.09,0.065683
0.83,0.21,-0.68775
0.01,0.49,0.58157
0.85,0.05,-0.69072
0.8,0.42,-0.61188
0.45,0.19,0.43192
0.88,0.16,-0.53743
0.71,0.18,-0.80874
0.23,0.9,1.9388
0.44,0.22,0.57803
0.15,0.52,1.3042
0.52,0.45,0.22902
0.37,0.13,0.88999
0.73,0.24,-0.79126
0.96,0.55,0.2809
0.76,0.69,-0.29516
0.25,0.2,1.1974
0.68,0.91,0.020524
0.67,0.52,-0.42439
0.97,0.37,0.17109
0.46,0.6,0.73509
0.92,0.32,-0.072495
0.11,0.87,1.5083
0.33,0.37,1.2584
0.02,0.36,0.53531
0.48,0.72,0.82889
0.93,0.2,-0.27859
0.04,0.24,0.55723
0.28,0.03,0.99289
0.15,0.25,1.0742
0.36,0.74,1.3939
0.39,0.12,0.70963
0.28,0.67,1.6023
0.65,0.52,-0.27103
0.76,0.2,-0.7595
0.57,0.82,0.341
0.16,0.6,1.5408
0.67,0.71,-0.1842
0.56,0.33,-0.06315
0.1,0.29,0.80697
1,0.58,0.56252
0.78,0.24,-0.76083
0.79,0.3,-0.725
0.64,0.53,-0.28537
0.32,0.56,1.5904
0.66,0.76,-0.050359
0.58,0.72,0.29408
0.14,0.47,1.1729
0.18,0.04,0.95998
0.58,0.57,0.055986
0.27,0.58,1.6158
0.34,0.55,1.3227
0.58,0.49,0.03713
0.25,0.35,1.3289
0.64,0.33,-0.35987
0.93,0.6,0.37754
0.58,0.01,-0.51195
0.77,0.56,-0.32749
0.93,0.33,-0.17328
0.35,0.07,0.87685
0.96,0.6,0.25736
0.3,0.6,1.6423
0.31,0.82,1.8102
0.79,0.4,-0.54447
0.07,0.27,0.67651
0.33,0.52,1.4957
0.63,0.37,-0.40339
0.95,0.73,0.38024
0.83,0.11,-0.74378
0.31,0.64,1.6223
0.78,0.56,-0.45827
0.31,0.03,0.88515
0.28,0.87,1.8637
0.56,0.7,0.29422
0.6,0.26,-0.33964
0.91,0.22,-0.32505
0.4,0.81,1.3567
0.46,0.47,0.74685
0.31,0.95,1.8287
0.35,0.25,1.1316
0.98,0.64,0.42624
0.11,0.68,1.3368
0.25,0.71,1.728
0.29,0.14,1.1235
0.71,0.73,-0.35521
0.53,0.46,0.11638
0.47,0.92,1.1729
0.47,0.56,0.77921
0.19,0.21,1.0894
0.96,0.37,0.19683
0.63,0.05,-0.66014
0.72,0.69,-0.24639
0.85,0.93,0.16493
0.37,0.83,1.5993
0.17,0.73,1.6498
0.43,0.65,1.0678
0.25,0.23,1.1682
0.56,0.73,0.43616
0.79,0.73,-0.20431
0.47,0.72,0.91905
0.3,0.69,1.6053
0.34,0.21,1.1563
0.53,0.47,0.29423
0.54,0.57,0.38269
0.43,0.88,1.3497
0.42,0.18,0.68295
0.19,0.08,1.0606
0.57,0.36,-0.16081
0.96,0.12,-0.18823
0.4,0.57,1.2419
0.97,0.46,0.22686
1,0.97,0.94974
0.93,0.55,0.15765
0.03,0.7,0.93662
0.06,0.4,0.84719
0.79,0.98,-0.036512
0.4,0.39,0.99641
0.46,0.84,0.97444
0.81,0.03,-0.9716
0.54,0.71,0.45439
0.03,0.79,1.0093
0.11,0.58,1.1826
0.61,0.8,0.041467
0.09,0.62,1.1342
0.23,0.57,1.5715
0.98,0.84,0.80406
0.7,0.03,-0.88834
0.54,0.96,0.79013
0.49,0.28,0.29886
0.69,0.17,-0.85732
0.7,0.92,0.0047896
0.69,0.07,-0.80898
0.99,0.19,0.050875
0.91,0.16,-0.4356
0.79,0.51,-0.50698
0.44,0.02,0.33683
0.93,0.08,-0.38763
0.05,0.5,0.71941
0.48,0.81,0.98067
0.09,0.6,1.2334
0.52,0.7,0.57793
0.52,0.19,0.030599
0.78,0.15,-0.84486
0.15,0.55,1.3144
0.76,0.66,-0.37997
0.89,0.05,-0.61823
0.6,0.71,0.096239
0.15,0.39,1.1866
0.54,0.22,-0.03983
0.12,0.74,1.5439
0.47,0.2,0.33445
0.72,0.13,-0.78692
0.27,0.88,1.85
0.81,0.07,-0.89471
0.1,0.63,1.307
0.17,0.6,1.4715
0.75,0.87,-0.054249
0.63,1,0.28545
0.92,0.96,0.45061
0.8,0.1,-0.90722
0.69,0.97,-0.0061275
0.69,0.78,-0.18734
0.59,0.32,-0.20375
0.45,0.23,0.61378
0.58,0.2,-0.25037
0.94,0.37,-0.010573
0.48,0.44,0.55456
0.26,0.55,1.4705
0.35,0.27,1.0769
0.23,0.42,1.3656
0.67,0.84,0.027095
0.86,0.63,-0.25162
0.9,0.6,0.028886
0.38,0.16,0.95669
0.87,0.33,-0.40791
0,0.71,0.69247
0.57,0.14,-0.34575
0.28,0.54,1.5638
0.22,0.71,1.6313
0,0.98,0.9621
0.15,0.65,1.4436
0.19,0.5,1.4256
0.54,0.78,0.47358
0.16,0.66,1.3972
0.46,0.05,0.35391
0.74,0.55,-0.56215
0.76,0.01,-0.9339
0.56,0.22,-0.16112
0.81,0.1,-0.70162
0.78,0.85,-0.11115
0.87,0.49,-0.2227
0.7,0.94,-0.045076
0.49,0.54,0.58609
0.31,0.14,0.96292
0.76,0.52,-0.32831
0.96,0.46,0.15431
0.57,1,0.61985
0.7,0.15,-0.85192
0.68,0.42,-0.39819
0.47,0.03,0.2034
0.47,0.33,0.60867
0,0.15,0.22005
0.75,0.38,-0.62145
0.38,0.77,1.5017
0.43,0.26,0.75661
0.75,0.46,-0.46316
0.03,0.58,0.83688
0.85,0.77,-0.014032
0.35,0.7,1.4811
0.35,0.89,1.6763
0.87,0.55,-0.12305
0.57,0.41,0.0512
0.27,0.38,1.4075
0.45,0.51,0.7107
0.91,0.87,0.34843
0.51,0.78,0.67972
0.01,0.31,0.33742
0.35,0.8,1.5599
0.49,0.82,0.86318
0.64,0.14,-0.64658
0.83,0.08,-0.77855
0.93,0.95,0.56325
0.48,0.88,1.0052
0.92,0.49,-0.077265
0.01,0.57,0.71523
0.2,0.35,1.278
0.79,0.86,-0.10288
0.45,0.03,0.21632
0.99,0.13,0.16539
0.46,0.24,0.53932
0.36,0.28,0.94308
0.97,0.17,-0.036864
0.12,0.58,1.1501
0.02,0.07,0.25307
0.48,0.22,0.42726
0.07,0.62,1.0673
0.89,0.58,-0.034796
0.37,0.12,0.84371
0.3,0.02,0.99521
0.95,0.12,-0.31286
0.22,0.13,1.1449
0.62,0.83,0.18881
0.3,0.11,1.0374
0.49,0.25,0.32834
0.37,0.18,0.96844
0.28,0.24,1.1659
0.12,0.07,0.8246
0.56,0.01,-0.39859
0.66,0.43,-0.42827
0.9,0.75,0.1616
0.34,0.83,1.6895
0.11,0.81,1.4244
0.29,0.66,1.6104
0.26,0.6,1.5833
0.01,0.64,0.69094
0.7,0.74,-0.083771
0.38,0.83,1.5182
0.87,0.51,-0.15467
0.8,0.05,-1.0046
0.89,0.54,-0.13677
0.19,0.25,1.189
0.08,0.26,0.77327
0.52,0.82,0.69044
0.99,0.7,0.55439
0.04,0.56,0.7795
0.93,0.45,0.11019
0.48,0.3,0.29364
0.98,0.85,0.75409
0.03,0.66,0.81491
0.62,0.73,0.078962
0.61,0.21,-0.38529
0.47,0.18,0.44412
0.39,0.47,1.0466
0.63,0.65,-0.11396
0.54,0.38,0.12339
0.56,0.51,0.17356
0.2,0.45,1.4468
0.3,0.72,1.6319
0.2,0.74,1.6774
0.44,0.87,1.1952
0.46,0.92,1.1584
0.35,0.58,1.3613
0.86,0.46,-0.31461
0.11,0.71,1.3107
0.85,0.07,-0.65559
0.99,0.2,0.17361
0.93,0.05,-0.37027
0.08,0.53,0.96163
0.09,0.48,1.0036
0.51,0.06,0.018704
0.95,0.24,0.032204
0.05,0.6,1.0802
0.9,0.48,-0.073498
0.66,0.85,0.094231
0,0.08,0.15112
0.51,0.93,0.82683
0.31,0.27,1.2257
0.8,0.12,-0.77979
0.68,0.97,-0.08226
0.53,0.34,0.16965
0.35,0.53,1.2848
0.95,0.52,0.22598
0.05,0.46,0.75979
0.07,0.6,0.87968
0,0.54,0.61835
0.36,0.59,1.3939
0.41,0.88,1.3509
0.93,0.76,0.37862
0.37,0,0.69864
0.25,0.92,1.9111
0.9,0.98,0.26906
0.89,0.56,-0.12085
0.8,0.03,-0.90326
0.34,0.57,1.4332
0.93,0.43,-0.036068
0.54,0.16,-0.011067
0.5,0.69,0.74234
0.07,0.7,1.1388
0.14,0.95,1.6928
0.83,0.66,-0.34887
0.92,0.84,0.33557
0.94,1,0.7
0.68,0.94,0.13249
0.12,0.41,1.0807
0.46,0.78,1.051
0.52,0.68,0.54486
0.06,0.14,0.51755
0.98,0.05,-0.16843
0.66,0.36,-0.42484
0.6,0.27,-0.42606
0.36,0.75,1.506
0.03,0.17,0.50311
0.04,0.01,0.3212
0.88,0.65,0.0063574
0.14,0.68,1.3744
0.49,0.3,0.37991
0.02,0.11,0.164
0.25,0.52,1.4313
0.06,0.62,0.92547
0.81,0.3,-0.63655
0.87,0.1,-0.64757
0.67,0.2,-0.70296
0.98,0.12,-0.08103
0.94,0.77,0.51528
0.41,0.41,1.0161
0.22,0.04,0.98106
0.03,0.68,0.85878
0.09,0.94,1.4696
0.88,0.5,-0.21415
0.82,0.68,-0.22507
0.87,0.4,-0.33558
0.88,0.41,-0.20817
1,0.26,0.098502
0.74,0.38,-0.43899
0.27,0.39,1.5014
0.33,0.1,0.9876
0.83,0,-0.94204
0.09,0.49,1.0479
0.39,0.43,1.0075
0.02,0.69,0.86963
0.95,0.33,0.098002
0.46,0.96,1.2625
0.14,0.96,1.7163
0.67,0.96,0.061333
0.73,0.49,-0.4192
0.89,0.82,0.21
0.11,0.75,1.4319
0.69,0.4,-0.44633
0.7,0.67,-0.27981
0.98,0.68,0.61043
0.77,0.69,-0.32666
0.36,0.34,1.1183
0.5,0.97,0.87916
0.22,0.26,1.221
0.99,0.06,-0.054863
0.83,0.76,-0.14678
0.35,0.05,0.87572
0.04,0.22,0.45288
0.82,0.08,-0.84399
0.04,0.23,0.36261
0.39,0.42,1.0861
0.23,0.74,1.8901
0.33,0.19,1.037
0.32,0.15,1.168
0.87,0.47,-0.33298
0.01,0.45,0.61537
0.54,0.86,0.57903
0.44,0.29,0.66144
0.87,0.5,-0.32819
0.35,0.45,1.3107
0.98,0.36,0.28003
0.94,0.25,-0.16587
0.5,0.05,-0.036286
0.51,0.66,0.66651
0.85,0.82,0.023987
0.75,0.96,-0.072971
0.34,0.8,1.6598
0.43,0.92,1.3218
0.66,0.25,-0.74567
0.96,0.45,0.17623
0.35,0.2,0.91834
0.87,0.86,0.16235
0.48,0.28,0.41495
0.13,0.07,0.75557
0.9,0.02,-0.53733
0.03,0.49,0.6374
0.59,0.07,-0.4817
0.52,0.55,0.44794
0.22,0.4,1.4527
0.08,0.88,1.3863
0.1,0.84,1.4917
0.16,0.41,1.2326
0.44,0.94,1.2698
0.46,0.29,0.60096
0.48,0.42,0.47325
0.13,0.55,1.2859
0.31,0.07,0.95579
0.37,0.88,1.6065
0.14,0.43,1.088
0.58,0.47,0.10295
0.3,0.12,1.1092
0.71,0.83,-0.15403
1,0.65,0.62114
0.06,0.83,1.1477
0.69,0.19,-0.69228
0.98,0.88,0.81162
0.2,0.33,1.2915
0.64,0.15,-0.62999
0.13,0.33,1.0713
0.55,0.79,0.48259
0.6,0.29,-0.44819
0.43,0.02,0.44628
0.34,0.41,1.2348
0.4,0.08,0.65852
0.69,0.69,-0.20103
0.56,0.87,0.48719
0.86,0.65,-0.10741
0.17,0.85,1.726
0.07,0.23,0.6502
0.55,0.49,0.1294
0.35,0.09,0.83472
0.24,0.32,1.3537
0.43,0.75,1.0343
0.47,0.08,0.22632
0.61,0.65,0.061152
0.49,0.86,0.94245
0.4,0.35,0.9589
0.1,0.52,1.1354
0.11,0.6,1.2714
0.47,0.59,0.7725
0.62,0.88,0.17124
0.91,0.68,0.15116
0.32,0.39,1.3327
0.01,0.73,0.83363
0.7,0.97,0.0022558
0.25,0.8,1.8393
0.04,0.04,0.27401
0.59,0.81,0.38497
0.26,0.54,1.6442
0.4,0.85,1.5662
0.2,0.44,1.3365
0.91,0.34,-0.1562
0.43,0.42,0.82966
0.25,0.93,1.8953
0.65,0.2,-0.66141
0.01,0.75,0.77098
0.56,0.78,0.46162
0.1,0.56,1.2489
0.45,0.29,0.59939
0.07,0.98,1.4768
0.22,0.37,1.3573
0.6,0.02,-0.56401
0.13,0.75,1.5269
0.39,0.27,1.0142
0.74,0.12,-0.80811
0.06,0.69,1.1043
0.18,0.67,1.5836
0.49,0.18,0.17696
0.42,0.76,1.2628
0.29,0.57,1.6033
0.84,0.36,-0.38765
0.63,0.47,-0.2005
0.39,0.07,0.68185
0.78,0.19,-0.80223
0.09,0.08,0.5959
0.58,0.03,-0.49021
0.44,0.51,0.8501
0.26,0.76,1.7915
0.84,0.93,0.10312
0.65,0.03,-0.80376
0.35,0.46,1.3339
0.59,0.9,0.38191
0.26,0.47,1.446
0.36,0.89,1.6836
0.32,0.63,1.5354
0.17,0.44,1.3456
0.41,0.46,0.88178
0.83,0.7,-0.31426
0.37,0.84,1.5839
0.37,0.53,1.1989
0.68,0.55,-0.43464
0.09,0.28,0.82512
0.13,0.79,1.6187
0.09,0.63,1.1099
0.71,0.81,-0.11183
0.55,0.05,-0.2423
0.68,0.99,0.15101
0.74,0.48,-0.4691
0.42,0.14,0.50001
0.82,0.57,-0.38931
0.95,0.04,-0.30883
0.59,0.41,-0.12746
0.49,0.76,0.781
0.4,0.43,0.97763
0.74,0.59,-0.42258
0.33,0.6,1.4702
0.79,0.55,-0.42571
0.61,0.97,0.28622
0.33,0.87,1.724
0.61,0.61,-0.10932
0.64,0.55,-0.31686
0.98,0.65,0.49758
0.81,0.41,-0.49735
0.88,0.61,-0.10098
0.01,0.81,0.94926
0.51,0.85,0.75843
0.68,0.63,-0.18813
0.22,0.92,1.8891
0.15,0.33,1.22
0.61,0.78,0.14347
0.68,0.89,0.015856
0.76,0.98,-0.090107
0.83,0.77,-0.083206
0.88,0.52,-0.2332
0.03,0.26,0.40083
0.58,0.85,0.39887
0.81,0.66,-0.22568
0.44,0.44,0.82444
0.97,0.32,0.14859
0.95,0.43,0.050098
0.84,0.89,0.05441
0.61,0.67,-0.048789
0.47,0.42,0.59215
0.97,0.93,0.7279
0.75,0.53,-0.5382
0.18,0.08,0.96752
0.73,0.54,-0.57285
0.64,0.34,-0.4503
0.09,0.32,0.85275
0.42,0.12,0.46837
0.04,0.44,0.6471
0.35,1,1.7676
0.03,0.97,1.1623
0.74,0.64,-0.39428
0.25,0.81,1.8174
0.21,0.28,1.2523
0.71,0.63,-0.39255
0.61,0.83,0.33615
0.5,0.37,0.44254
0.32,0.43,1.2948
1,0.63,0.58264
0.47,0.67,0.93887
0.16,0.11,0.97355
0.33,0.16,0.93932
0.78,0.06,-0.9629
0.64,0.96,0.098521
0.85,0.32,-0.40968
0.76,0.19,-0.82647
0.99,0.64,0.61936
0.95,0.51,0.21742
0.08,0.82,1.2814
0.36,0.65,1.5026
0.39,0.86,1.528
0.94,0.98,0.56046
0.28,0.89,1.8549
0.34,0.62,1.4718
0.21,0.23,1.1612
0.33,0.56,1.3792
0.77,0.12,-0.91064
0.39,0.57,1.2071
0.05,0.45,0.82975
0.14,0.3,1.1322
0.09,0.18,0.71294
0.29,0.74,1.71
0.95,0.36,0.020346
0.61,0.64,0.12052
0.6,0.08,-0.45282
0.21,0.26,1.1855
0.61,0.96,0.31518
0.13,0.44,1.2231
0.61,0.82,0.21134
0,0,0.068381
0.86,0.16,-0.63751
0.9,0.74,0.15437
0.35,0.03,0.76957
0.87,0.28,-0.36414
0.21,0.95,1.909
0.21,0.78,1.7406
0.02,0.27,0.39265
0.51,0.25,0.23285
0.01,0.2,0.28502
0.34,0.37,1.1985
0.22,0.74,1.7286
0.03,0.6,0.7944
0.35,0.17,1.0097
0.61,0.42,-0.19269
0.11,0.97,1.5291
0.93,0.26,-0.20765
0.56,0.83,0.42738
0.31,0.05,0.9406
0.78,0.36,-0.61335
0,0.26,0.18362
0.94,0.67,0.19059
0.1,0.49,1.1376
0.99,0.1,0.0060132
0.22,0.48,1.5137
0.72,0.01,-0.91891
0.68,0.33,-0.62662
0.04,0.51,0.76748
0.63,0.66,-0.052311
0.56,0.02,-0.38696
0.29,0.71,1.6431
0.07,0.86,1.2643
0.85,0.24,-0.50545
0.72,0.3,-0.71404
0.36,0.07,0.85742
0.88,0.34,-0.30156
0.71,0.02,-1.0044
0.26,0.08,1.041
0.37,0.32,1.0288
0.73,0.57,-0.33956
0.72,0.89,-0.044421
0.45,0.77,1.0536
0.93,0.06,-0.37824
0.39,0.36,1.0879
0.88,0.13,-0.55815
0.29,0.35,1.2975
0.03,0.74,1.0072
0.35,0.1,0.8526
0.03,0.47,0.63888
0.75,0.12,-0.8705
0.23,0.32,1.2694
0.36,0.29,0.98863
0.77,0.3,-0.65656
0.67,0.14,-0.76425
0.51,0.6,0.61505
0.75,0.99,0.03046
0.26,0.94,1.8043
0.92,0.28,-0.20636
0.36,0.22,0.96068
0.8,0.22,-0.77083
0.21,0.31,1.1931
0.19,0.75,1.6763
0.61,0.63,0.076386
0.59,0.22,-0.42671
0.3,0.71,1.7105
0.22,0.59,1.5895
0.93,0.13,-0.28955
0.84,0.92,0.11195
0.97,0.97,0.81648
0.29,0.58,1.5793
0.44,0.48,0.7764
0.4,0.04,0.6799
0.67,0.29,-0.60892
0.01,0.85,0.89718
0.6,0.61,0.058386
0.23,0.34,1.3379
0.61,0.29,-0.2412
0.62,0.27,-0.39539
0.94,0.01,-0.30222
0.51,0.96,0.83766
0.54,0.13,-0.11991
0.3,0.35,1.3338
0.97,0.89,0.71543
0.48,0.2,0.27879
0.02,0.54,0.79579
0.53,0.61,0.45456
0.19,0.77,1.6199
0.75,0.15,-0.78318
0.79,0.74,-0.19666
0.49,0.52,0.63809
0.57,0.59,0.30341
0.28,0.46,1.4552
0.86,0.44,-0.38634
0.59,0.59,0.077231
0.29,0.25,1.1994
0.42,0.48,0.91869
0.04,0.37,0.65168
0.64,0.2,-0.54214
0.48,0.63,0.71443
0.26,0.78,1.8073
0.18,0.47,1.3033
0.9,0.28,-0.21411
0.27,0.35,1.4093
0.31,0.48,1.3802
0.29,0.41,1.4313
0.84,0,-0.87891
0.61,1,0.44644
0.57,0.61,0.15654
0.66,0.28,-0.58313
0.22,0.42,1.4771
0.3,0.91,1.8901
0.22,0.01,0.95279
0.64,0.22,-0.56882
0.04,0.12,0.35479
0.4,0.06,0.74677
0.65,0.83,0.046194
0.48,0.6,0.68982
0.84,0.7,-0.16836
0.15,1,1.7767
0.44,0.59,0.90701
0.12,0.43,1.107
0.39,0.72,1.2943
0.47,0.57,0.86101
0.85,0,-0.83129
0.15,0.35,1.1146
0.36,0.13,0.74918
0.57,0.96,0.58759
0.49,0.87,0.87169
0.22,1,1.9723
0.29,0.85,1.8999
0.33,0.63,1.4864
0.99,0.66,0.70155
0.77,0.48,-0.54052
0.47,0.65,0.91641
0.3,0.31,1.1227
0.78,0.63,-0.31749
0,0.14,0.14624
0.72,0.29,-0.70826
0.05,0.3,0.66967
0.47,0.05,0.29935
0.33,0.28,1.1332
0.9,0.38,-0.13265
0.38,0.82,1.5492
0.32,0.91,1.8366
0.37,0.95,1.7038
0.37,0.78,1.4966
0.85,0.97,0.18039
0.25,0.86,1.9595
0.3,0.2,1.1191
0.41,0.63,1.2025
0.99,0.03,0.059555
0.3,0.52,1.5192
0.45,0.86,1.0979
0.88,0.74,0.17739
0.85,0.96,0.081293
0.29,0.98,1.9229
0.15,0.77,1.5897
0.61,0.32,-0.2252
0.74,0.5,-0.47456
0.57,0.4,-0.0057023
0.72,0.27,-0.72987
0.57,0.97,0.51005
0.99,0.37,0.23082
0.52,0.21,0.11883
0.83,0.41,-0.4523
0.27,0.02,1.0196
0.55,0.72,0.42676
0.05,0.26,0.69817
0.6,0.39,-0.20127
0.85,0.34,-0.51122
0.96,0.17,-0.051663
0.92,0.47,-0.038729
0.62,0.11,-0.66619
0.39,0.49,1.124
0.1,0.42,0.98939
0.07,0.45,0.77007
0.64,0.25,-0.50341
0.55,0.52,0.16791
0.76,0.06,-0.92293
0.88,0.86,0.19523
0.93,0.81,0.34545
0.58,0.75,0.25155
0.19,0.7,1.6241
0.57,0.74,0.38297
0.23,0.68,1.5855
0.91,0.6,-0.00010384
0.39,0.11,0.68402
0.3,0.39,1.3882
0.19,0.46,1.4211
0.3,0.08,1.1421
0.06,0.48,0.84257
0.28,0.61,1.5743
0.75,0.9,0.016126
0.64,0.72,-0.067862
0.47,0.48,0.61049
0.92,0.18,-0.29936
0.95,0.61,0.33248
0.12,0.69,1.3371
0.44,0.61,0.96678
0.58,0.23,-0.29939
0.07,0.97,1.3843
0.41,0.01,0.51373
0.41,0.69,1.2926
0.55,0.77,0.34132
0.53,0.77,0.54951
0.84,0.81,-0.059149
0.02,0.26,0.38178
0.3,0.26,1.3437
0.77,0.73,-0.20501
0.71,0.94,0.028541
0.88,0.42,-0.1771
0.41,0.26,0.77285
0.36,0.46,1.1385
0.46,0.07,0.3405
0.98,0.27,0.096106
0.51,0.5,0.37861
0.97,0.18,-0.010607
0.07,0.89,1.3572
0.19,0.87,1.7866
0.6,0.9,0.24814
0.08,0.74,1.3232
0.08,0.5,1.0059
0.1,0.21,0.74781
0.08,0.38,0.82815
0.26,0.91,1.8703
0.53,0.59,0.32524
0.54,0.23,-0.068796
0.27,0.28,1.3069
0.97,0.65,0.51039
0.67,0.77,-0.12758
0.41,0.12,0.56543
0.99,0.09,-0.0077758
0.15,0.69,1.475
0.87,0.19,-0.66202
0.27,0.37,1.3162
0.17,0.18,1.0991
0.36,0.8,1.5747
0.81,0.82,-0.20217
0.65,0.96,0.043246
0.31,0.36,1.2841
0.37,0.03,0.84577
0.29,0.7,1.657
0.53,0.67,0.5465
0.61,0.14,-0.32306
0.51,0.31,0.21959
0.65,0.82,0.049814
0.33,0.26,1.2004
0.77,0.72,-0.24297
0.68,0.84,-0.088024
0.74,0.06,-0.98336
0.03,0.4,0.55731
0.49,0.91,1.0774
0.24,0.91,1.8655
0.8,0.92,-0.062716
0.97,0.11,-0.086013
0.11,0.18,0.82937
0.13,0.64,1.33
0.42,0.03,0.49801
0.82,0.43,-0.51359
0.28,0.25,1.188
0.14,0.97,1.7791
0.96,0.86,0.5696
0.83,0.36,-0.52167
0.59,0.86,0.40872
0.33,0.09,1.0356
0.92,0.3,-0.10286
0.81,0.34,-0.51467
0.05,0.92,1.0987
0.18,0.96,1.8365
0.89,0.19,-0.41818
0.59,0.52,-0.057782
0.03,0.24,0.4513
0.23,0.07,1.0594
0.08,0.58,1.0715
0.82,0.59,-0.32357
0.9,0.33,-0.18008
0.61,0.05,-0.47379
0.7,0.17,-0.73335
0.76,0.86,-0.17253
0.92,0.65,0.14093
0.33,0.72,1.66
0.42,0.1,0.61548
0.37,0.09,0.7484
0.57,0.44,0.063039
0.34,0.99,1.8286
0.15,0.48,1.2903
0.97,0.31,0.20314
0.26,0.39,1.3905
0.8,0.43,-0.50078
0.33,0.05,0.98115
0.89,0.78,0.14033
0.13,0.35,1.0368
0.53,0.71,0.58594
0.21,0.27,1.2128
0.03,0.32,0.62052
0.3,0.78,1.7306
0.62,0.48,-0.14295
0.6,0.67,0.071622
0.87,0.15,-0.56555
0.86,0.41,-0.27461
0.65,0.84,0.06071
0.02,0.93,1.0585
0.17,0.77,1.5895
0.36,0.25,0.97081
0.71,0.57,-0.37616
0.92,0.77,0.27174
0.15,0.32,1.2034
0.07,0.9,1.29
0.12,0.04,0.72298
0.57,0.76,0.20794
0.69,0.38,-0.65743
0.52,0.01,-0.092627
0.75,0.44,-0.55012
0.81,0.91,0.05715
0.29,0.53,1.4238
0.64,0.4,-0.32451
0.51,0.3,0.23925
0.52,0.43,0.32361
0.87,0.53,-0.16219
0.01,0.97,1.0737
0.71,0.56,-0.25191
0.02,0.19,0.31126
1,0.59,0.62366
0.46,0.36,0.63641
0.25,0.88,1.9133
0.19,0.29,1.0917
0.72,0.78,-0.24984
0.47,0.27,0.42889
0.53,0.07,-0.13794
0.76,0.67,-0.4554
0.32,0.34,1.2542
0.26,0.06,1.05
0.25,0.42,1.3727
0.32,0.46,1.4299
0.91,0.46,-0.11592
0.84,0.75,-0.066397
0.83,0.35,-0.48802
0.97,1,0.7798
0.12,0.51,1.0889
0.43,0.62,1.1093
0.42,0.21,0.68308
0.31,0.19,1.0856
0.55,0.84,0.42953
0.64,0.42,-0.33113
0.1,0.39,0.93726
0.35,0.61,1.5023
0.07,0.14,0.50362
0.22,0.96,1.9289
0.76,0.05,-0.99649
0.97,0.53,0.33005
0.05,0.11,0.39689
0.05,0.33,0.64871
0.5,0.74,0.69606
0.82,0.86,-0.013838
0.18,0.77,1.6635
0.76,0.14,-0.75049
0.86,0.29,-0.50723
0.35,0.95,1.7687
0.47,0.22,0.39995
0.89,0.41,-0.25198
0.64,0.87,0.21647
0.94,0.45,0.14574
0.04,0.16,0.46313
0.64,0.61,-0.15187
0.44,0.01,0.29862
0.67,0.01,-0.9031
0.86,0.37,-0.43157
0.75,0.21,-0.73497
0.91,0.78,0.32576
0.2,0.96,2.0274
0.74,0.32,-0.42064
0.05,0.69,0.98857
0.51,0.57,0.60046
0.02,0.25,0.30714
0.79,0.69,-0.3403
0.91,0.29,-0.20087
0.75,0.83,-0.11306
0.12,0.31,0.97629
0.47,0.7,0.85327
0.31,0.28,1.2763
0.39,0.01,0.6139
0.93,0.23,-0.19147
0.3,0.66,1.572
0.93,0.53,0.1366
0.88,0.97,0.20159
0.34,0.64,1.4327
0.05,0.03,0.34008
0.89,0,-0.62632
0.64,0.92,0.1961
0.87,0.6,-0.17116
0.46,0.9,1.1018
0.3,0.51,1.4926
0.17,0.92,1.7949
0.68,0.92,0.076803
0.02,0.08,0.23335
0.15,0.57,1.3782
0.69,0.89,-0.058261
0.65,0.4,-0.36089
0.22,0.33,1.378
0.13,0.36,1.051
0.18,0.82,1.6838
0.8,0.47,-0.51333
0.29,0.2,1.1108
0.78,0.05,-0.93097
0.58,0.51,0.016353
0.95,0.34,0.019785
0.42,0.42,0.94727
0.07,0.72,1.2537
0.12,0.08,0.71774
1,0.41,0.39126
0.65,0.22,-0.58089
0.11,0.53,1.1378
0.45,0.09,0.3498
0.9,0.89,0.17314
0.48,0.4,0.56078
0.26,0.89,1.9571
0.28,0.81,1.7854
0.86,0.47,-0.28664
0.3,0.22,1.139
0.47,0.9,1.008
0.35,0.49,1.366
0.39,0.64,1.3925
0.95,0.82,0.49015
0.96,0.67,0.42535
0.93,0.17,-0.29997
0.68,0.95,0.069845
0.26,0.21,1.3093
0.32,0.26,1.1286
0.47,0.49,0.68151
0.26,0.24,1.2702
0.24,0.28,1.2575
0.74,0.19,-0.82364
0.31,0.85,1.7005
0.04,0.54,0.77955
0.67,0.4,-0.38198
0.87,0.31,-0.31707
0.39,0.53,1.123
0.44,0.54,0.8942
0.28,0.44,1.3764
0.04,0.28,0.48358
0.6,0.81,0.13278
0.75,0.39,-0.62207
0.89,0.14,-0.43957
0.18,0.53,1.3801
0.58,0.31,-0.21631
0.46,0.03,0.35074
0.84,0.98,0.18105
0.41,0.96,1.5611
0.67,0.22,-0.57626
0.59,0.71,0.10011
0.14,0.51,1.2217
0.91,0.51,-0.054244
0.09,0.57,1.151
0.04,0.91,1.1745
0.49,0.62,0.67236
0.97,0.29,0.027177
0.5,0.57,0.55041
0.05,0.9,1.2186
0.45,0.72,1.052
0.78,0.84,-0.17643
0.4,0.13,0.72734
0.74,0.05,-0.96257
0.14,0.35,1.0481
0.48,0.91,1.0946
0.88,0.23,-0.46821
0.11,0.85,1.3571
0.87,0.95,0.23892
0.7,0.23,-0.68688
0.63,0.84,0.20571
0.07,0.91,1.3313
0.18,0.7,1.6595
0.22,0.41,1.3731
0.72,0.73,-0.34292
0.43,0.59,1.015
0.81,0.98,0.061944
0.46,0.71,0.94669
0.47,0.98,1.1202
0.48,0.21,0.30261
0.83,0.31,-0.55138
0.44,0.21,0.51953
0.81,0.88,-0.071719
0.4,0.54,1.1322
0.75,0.17,-0.86096
0.57,0.15,-0.29026
0.96,0.72,0.4979
0.93,0.25,-0.19477
0.05,0.09,0.3196
0.25,0.34,1.2747
0.21,0.61,1.563
0.57,0.27,-0.19443
0.89,0.63,-0.076612
0.63,0.1,-0.60558
0.09,0.43,0.86328
0.2,0.49,1.4291
0.79,0.46,-0.52375
0.33,0.15,0.98357
0.94,0.95,0.57414
0.29,0.04,1.1123
0.11,0.86,1.5989
0.35,0.88,1.6489
0.09,0.78,1.3167
0.06,0.95,1.2919
0.61,0.15,-0.43341
0.27,0.21,1.1543
0.86,0.1,-0.69081
0.9,0.1,-0.43911
0.35,0.71,1.5115
0.07,0.09,0.55103
0.47,0,0.18054
0.27,0.19,1.2906
0.68,0.05,-0.89734
0.84,0.06,-0.86974
0.75,0.4,-0.59113
0.02,0.75,0.85889
0.6,0.41,-0.20668
0.56,0.36,0.049586
0.87,0.39,-0.35854
0.9,0.3,-0.33627
0.84,1,0.21082
0.27,0.12,1.1333
0.49,0.48,0.59573
0.23,0.05,1.0221
0.01,0.53,0.64951
0.58,0.67,0.21531
0.54,0.4,0.13083
0.45,0.98,1.2128
0.71,0.93,-0.084657
0.13,0.43,1.114
0.96,0.35,0.16461
0.41,0.14,0.65035
0.73,0.58,-0.327
0.33,0.5,1.3873
0.83,0.28,-0.59899
0.61,0.4,-0.1455
0.82,0.18,-0.86577
1,0.49,0.46505
0.75,0.51,-0.51473
0.86,0.66,-0.13899
0.99,0.62,0.51991
0.77,0.43,-0.49475
0.97,0.12,-0.075754
0.53,0.12,-0.017037
0.07,0.88,1.2415
0.56,0.57,0.20239
0.73,0.12,-0.8534
0.72,0.76,-0.26449
0.74,0.79,-0.20677
0.14,0.06,0.80446
0.67,0.68,-0.32582
0.88,0.27,-0.52756
0.65,0.64,-0.24989
0.88,0.01,-0.59692
0.01,0.23,0.35553
0.98,0.61,0.46869
0.16,0.48,1.3671
0.86,0.64,-0.064916
0.96,0.99,0.78406
0.77,0.26,-0.75023
0.38,0.24,0.81299
0.25,0.9,1.8726
0.66,0.62,-0.13832
0.38,0.64,1.2916
0.38,0.38,1.0257
0.41,0.35,0.9007
0.6,0.09,-0.42809
0.95,0.54,0.25232
0.72,0.68,-0.34716
0.12,0.72,1.392
0.5,0.16,0.22097
0.75,0.98,-0.044584
0.81,0.05,-0.9325
0.72,0.09,-0.89843
0.52,0.99,0.89017
0.76,0.11,-0.88073
1,0.04,0.094896
0.8,0.23,-0.74791
0.7,0.36,-0.63702
0.94,0.97,0.58833
0.93,0.91,0.51064
0.44,0.38,0.74778
0.76,0.6,-0.40105
0.6,0.22,-0.30978
0.01,0.22,0.28198
0.13,0,0.76351
0.29,0.64,1.5979
0.89,0.47,-0.11581
0.66,0.57,-0.41962
0.02,0.1,0.2489
0.94,0.47,0.10673
0.1,0.51,1.0462
0.06,0.73,1.1731
0.27,0.68,1.6893
0.91,0.79,0.3102
0.97,0.34,0.22039
0.93,0.12,-0.34083
0.96,0.36,0.11531
0.98,0.89,0.73632
0.87,0.38,-0.38002
0.26,0.43,1.4697
0.82,0.4,-0.4428
0.32,0.97,1.8587
0.42,0.04,0.49404
0.89,0.11,-0.54849
0.72,0.8,-0.17262
0.91,0.13,-0.46971
0.46,0.26,0.55206
0.03,0.39,0.58704
0.64,0.88,0.12142
0.45,0.66,0.9313
0.19,0.67,1.672
0.95,0.78,0.51109
0.16,0.52,1.2989
0.37,0.06,0.86286
0.69,0.06,-0.93137
0.73,0.33,-0.66492
0.98,0.2,-0.0012345
0.47,0.89,1.0868
0.33,0.64,1.5143
0.43,0.7,1.1632
0.17,0.51,1.3092
0.08,0.32,0.77149
0.14,0.46,1.1731
0.51,0.74,0.64843
0.77,0.88,-0.19696
0.48,0.7,0.83515
0.66,0.48,-0.34543
0.9,0.81,0.21766
0.08,0.07,0.54615
0.3,0.61,1.6625
0.57,0,-0.4283
0.88,0.04,-0.63382
0.15,0.85,1.7738
0.99,0,-0.010974
0.04,0.85,1.1033
0.18,0.74,1.5881
0.66,0.19,-0.73418
0.98,0.78,0.72711
0.17,0.29,1.1993
0.77,0.49,-0.43798
0.13,0.51,1.3606
0.35,0.34,1.1908
0.61,0.34,-0.21634
0.19,0.23,1.0967
0.51,0.52,0.38756
0.2,0.64,1.5023
0.54,0.12,-0.11464
0.32,0.2,1.1316
0.4,0.14,0.72544
0.52,0.73,0.62195
0.43,0.72,1.0726
0.09,0.81,1.3218
0.81,0.76,-0.11462
0.08,0.7,1.2203
0.65,0.55,-0.20981
0.42,0.52,0.96689
0.9,0.66,0.076209
0.59,0.57,0.11243
1,0.23,0.17876
0.51,0.05,-0.072138
0.81,0.49,-0.47873
0.96,0.41,0.18244
0.48,0.08,0.28644
0.85,0.62,-0.10411
0.92,0.27,-0.087214
0.38,0.73,1.4989
0.85,0.14,-0.65151
0.81,0.02,-0.96744
0.46,0.86,1.0338
0.84,0.4,-0.48543
0.82,0.06,-0.80834
0.04,0.99,1.1846
0.48,0.51,0.69816
0.04,0.92,1.0978
0.44,0.53,0.94945
0.45,0.43,0.81739
0.73,0.47,-0.63231
0.06,0.38,0.68091
0.29,0.48,1.4666
0.18,0.3,1.1933
0.66,0.38,-0.38103
0.6,0,-0.6115
0.36,0.18,1.0047
0.94,0.28,-0.12697
0.14,0.83,1.6323
0.07,0.52,0.94637
0.67,0.08,-0.8397
0.08,0.8,1.3665
0.29,0.63,1.5646
0.17,0.68,1.6018
0.52,0.34,0.20499
0.66,0.52,-0.23975
0.73,0.03,-1.023
0.26,0.33,1.18
0.83,0.64,-0.18683
0.24,0.03,0.94183
0.2,0.91,1.8188
0.29,0.8,1.796
0.97,0.51,0.31412
0.01,0.28,0.36324
0.41,0.8,1.3585
0.47,0.79,0.94905
0.45,0.55,0.91599
0.25,0.44,1.3491
0.17,0.01,0.85584
0.56,0.1,-0.27016
0.44,0.86,1.3038
0.64,0.31,-0.41931
0.66,0.71,-0.1435
0.41,0,0.54405
0.97,0.09,0.013819
0.55,0.93,0.66494
0.44,0.2,0.56415
0.73,0.44,-0.51637
0.23,0.63,1.57
0.69,0.44,-0.47308
0.73,1,0.027446
0.12,0.92,1.5992
0.52,0.75,0.67842
0.11,0.96,1.6585
0.67,0.64,-0.26832
0.04,0.61,0.81854
0.27,0.97,1.9202
0.53,0.01,-0.20764
0.88,0.33,-0.2512
0.4,0.23,0.88949
0.17,0.42,1.2613
0.68,0.14,-0.69806
0.1,0.43,1.0071
0.15,0.94,1.6904
0.98,0.26,0.18861
0.04,0.42,0.69672
0.63,0.72,0.016975
0.52,0.88,0.78132
0.22,0.58,1.4979
0.03,0.51,0.60693
0,0.01,-0.030245
0.48,0.04,0.16055
0.73,0.22,-0.73261
0.39,0.02,0.58437
0.47,0.37,0.55685
0.73,0.27,-0.74009
0.4,0.88,1.4071
0.93,0.79,0.38378
0.5,0.34,0.31881
0.07,0.32,0.76348
0.79,0.52,-0.35841
0.5,0.4,0.35702
0.7,0.53,-0.43534
0.68,0.41,-0.57885
0.24,0.42,1.3797
0.62,0.64,-0.15945
0.41,0.49,0.96177
0.29,0.84,1.8497
0.25,0.25,1.2802
0.52,0.79,0.58094
0.42,0.08,0.64055
0.59,0.94,0.46205
0.11,0.56,1.1841
0.19,0.4,1.3176
0.45,0.81,1.0513
0.36,0.42,1.261
0.68,0.3,-0.53292
0.35,0.24,1.1679
0.78,0.14,-0.78665
0.4,0.82,1.3287
0.61,0.9,0.27703
0.97,0.41,0.24656
0.03,0.71,0.9169
0.05,0.84,1.1606
0.03,0.15,0.35526
0.11,0.43,1.033
0.16,0.22,1.0517
0.4,0.5,1.0374
0.21,0.72,1.6851
0.53,0.76,0.58693
0.47,0.17,0.34359
0.82,0.44,-0.39341
0.04,0.67,1.0537
0.42,0.99,1.4024
0.8,0.89,-0.16467
0.83,0.88,0.10616
0.02,0.6,0.70557
0.42,0.74,1.1258
0.3,0.33,1.3831
0.09,0.99,1.5197
0.37,0.07,0.68394
0.05,0.02,0.26802
0.34,0.32,1.1959
0.02,0.12,0.29641
0.05,1,1.3295
0.85,0.45,-0.42478
0.05,0.19,0.52211
0.21,0.64,1.6765
0.29,0.02,0.94022
0.94,0.56,0.14978
0.47,0.16,0.3617
0.27,0.61,1.6297
0.66,0.64,-0.23355
0.12,0.01,0.67611
1,0.18,0.11083
0.08,0.2,0.62968
0.02,0,0.13015
0.75,0.2,-0.75661
0.33,0.04,0.99842
0.01,0.71,0.83042
0.21,0.11,1.0892
0.57,0.03,-0.29577
0.62,0.72,-0.040692
0.06,0.2,0.52601
0.19,0.37,1.2194
0.63,0.74,-0.022489
0.4,0.31,0.98025
0.21,0.82,1.7822
0.73,0.15,-0.9197
0.65,0.38,-0.37759
0.54,0.75,0.48252
0.94,0.49,0.089009
0.32,0.16,1.0249
0.47,0.73,0.89226
0.81,0.24,-0.65412
0.29,0.12,1.1457
0.33,0.69,1.5347
0.77,0.94,-0.024879
0.94,0.62,0.17172
0.11,0.84,1.5023
0.15,0.89,1.6973
0.44,0.96,1.2819
0.66,0.47,-0.40003
0.6,0.79,0.17593
0.82,0.41,-0.47381
0.57,0.45,0.04881
0.76,0.55,-0.35256
0.82,0.83,-0.018928
0.97,0.6,0.31731
0.32,0.42,1.3852
0.57,0.02,-0.38618
0.81,0.95,-0.05956
0.23,0.79,1.6833
0.62,0.91,0.24718
0.52,0.35,0.27836
0.6,0.12,-0.28431
0.27,0.43,1.3299
0.77,0.7,-0.37835
0.8,0.82,-0.15222
0.48,0.01,0.077569
0.31,0.13,1.1291
0.9,0.23,-0.27797
0.04,0.64,0.9543
0.11,0.5,1.1738
0.19,0.48,1.4064
0.9,0.09,-0.5456
0.12,0.16,0.82881
0.03,0.91,1.1526
0.1,0.12,0.69486
0.84,0.59,-0.14456
0.12,0.8,1.488
0.05,0.64,0.98123
0.07,0.71,1.14
1,0.72,0.69184
0.23,0.48,1.5117
0.43,0.97,1.4539
0.86,0.9,0.19436
0.55,0.29,-0.065042
0.99,0.83,0.78325
0.91,1,0.48131
0.56,0.6,0.13732
0.2,0.61,1.5909
0.73,0.02,-0.96276
0.72,0.47,-0.5122
0.24,0.69,1.729
0.93,0.19,-0.20558
0.77,0.36,-0.68589
0.87,0.7,-0.0013205
0.04,0.34,0.60811
0.17,0.27,1.1193
0.52,0.64,0.58981
0.05,0.99,1.3256
0.7,0.09,-0.88824
0.5,0.19,0.15392
0.17,0.74,1.6095
0.61,0.86,0.091605
0.42,0.86,1.3255
0.86,0.12,-0.56771
0.19,0,0.94476
0.35,0.76,1.5112
0.83,0.61,-0.26112
0.92,0.91,0.43727
0.6,0.37,-0.22662
0.61,0.74,0.15597
0.27,0.67,1.6189
0.14,0.77,1.4664
0.92,0.45,-0.022085
0.79,0.8,-0.27352
0.89,0.49,-0.14002
0.57,0.93,0.46883
1,0.3,0.25285
0.47,0.53,0.80545
0.67,0.54,-0.31899
0.82,0.84,-0.11036
0.47,0.3,0.42557
0.47,0.93,1.0996
0.86,0.19,-0.61284
0.75,1,0.057085
0.81,0.57,-0.2985
0.12,0.34,1.014
0.01,0.1,0.11147
0.43,0.2,0.66742
0.48,0.84,1.0211
0.38,0.43,1.1033
0.75,0.27,-0.64398
0.53,0.54,0.33698
0.77,0.66,-0.28594
0.29,0.18,1.0637
0.25,0.14,1.0827
0.5,0.88,0.86781
0.25,0.57,1.6482
0.18,0.28,1.1438
0.29,0.33,1.381
0.47,0.8,0.96357
0.7,0.81,-0.20925
0.59,0.25,-0.33942
0.7,0.52,-0.39427
0.34,0.71,1.6363
0.24,0,0.95941
0.68,0.27,-0.57257
0.74,0.15,-0.89752
0.23,0.46,1.5032
0.88,0.1,-0.53386
0.33,0.3,1.2585
0.63,0.03,-0.70651
0.89,0.01,-0.56155
0.81,0.26,-0.68696
0.62,0.6,-0.14659
0.01,0.68,0.78883
0.23,0.86,1.8346
0.22,0.98,1.9558
0.53,0.96,0.74953
0.85,0.21,-0.67374
0.95,0.57,0.23514
1,0.1,0.085797
0.99,0.59,0.44074
0.84,0.53,-0.27357
0.56,0.05,-0.29998
0.54,0.72,0.43237
0.44,0,0.24222
0.91,0.84,0.32884
0.95,0.85,0.56761
0.29,0.17,1.1741
0.51,0.94,0.84708
0.8,0.68,-0.27739
0.55,0.94,0.6548
0.81,0.33,-0.64446
0.95,0.17,-0.05531
0.85,0.03,-0.73154
0.01,0.35,0.39728
0.42,0.19,0.72105
0.82,0.03,-0.83658
0.92,0.85,0.32359
0.16,0.36,1.3384
0.3,0.1,1.1207
0.93,0.58,0.25028
0.72,0.52,-0.43738
0.07,0.64,1.0378
0.48,0.37,0.48916
0.88,0.45,-0.22792
0.35,0.26,1.0434
0.25,0.41,1.4717
0.74,0.71,-0.25505
0.28,0.37,1.4355
0.13,0.13,0.8704
0.89,0.94,0.30669
0.85,0.54,-0.18648
0.68,0.32,-0.60572
0.1,0.86,1.5098
0.76,0.59,-0.44096
0.91,0.04,-0.55215
0.3,0.44,1.3935
0.02,0.95,1.0239
0.06,0.17,0.59635
0.31,0.35,1.2537
0.3,0.01,0.96875
0.53,0.13,-0.057261
0.91,0.48,-0.030468
0.35,0.33,1.1544
0.94,0.26,-0.070822
0.76,0.24,-0.76022
0.55,0.22,-0.037526
0.34,0.87,1.6917
0.61,0.12,-0.58434
0.14,0.07,0.91483
0.88,0.84,0.12724
0.36,0.49,1.3116
1,0.51,0.52665
0.77,0.67,-0.38526
0.79,0.79,-0.24359
0.46,0.39,0.55796
0.36,0.76,1.4495
0.07,0.01,0.39159
0.74,0.04,-1.0332
0.17,0.83,1.7473
0.84,0.07,-0.69375
0.32,0.51,1.2845
0.15,0.93,1.8044
0.01,1,1.0213
0.14,0.14,0.87878
0.43,0.89,1.3022
0.04,0.52,0.78074
0.87,0.59,-0.12904
0.69,0.03,-0.89196
0.06,0.41,0.77749
0.04,0.81,1.0277
0.78,0.91,-0.11042
0.77,0.95,-0.021053
0.92,0.41,-0.12744
0.88,0.11,-0.5148
0.68,0.08,-0.78469
0.17,0.64,1.4713
0.54,0.28,0.012116
0.6,0.86,0.32681
0.14,0.23,1.0155
0.83,0.91,-0.0098592
0.47,0.75,0.86129
0.95,0.15,-0.12535
0.06,0.47,0.94291
0.28,0.2,1.2724
0.53,0.57,0.45313
0.22,0.7,1.6682
0.62,0.49,-0.21572
0.13,1,1.7748
0.45,0.11,0.38158
0.23,0.23,1.2005
0.54,0.51,0.36566
0.1,0.15,0.82492
0.76,0.07,-0.96275
0.15,0.87,1.6013
0.55,0.88,0.49858
0.9,0.82,0.23681
0.44,0.24,0.62017
0.19,0.41,1.3651
0.77,0.05,-0.96464
0.99,0.84,0.83503
0.64,0.58,-0.16794
0.71,0.78,-0.26805
0.32,0.07,0.97963
0,0.56,0.62945
0.72,0.96,-0.093988
0.13,0.26,0.99631
0.97,0.87,0.69492
0.7,0.02,-0.89433
0.28,0.74,1.6221
0.16,0.7,1.5037
0.27,0.08,1.0549
0.66,0.35,-0.53876
0.9,0.03,-0.50509
0.07,0.33,0.71555
0.73,0.87,-0.093329
0.84,0.12,-0.80113
0.77,0.31,-0.66483
0.23,0.66,1.7378
0.52,0.51,0.39175
0.5,0.61,0.70061
0.93,0.84,0.48271
0.77,0.64,-0.33642
0.43,0.3,0.80728
0.29,0.94,1.8573
0.01,0.15,0.24297
0.42,0.35,0.76612
0.33,0.33,1.2933
0.99,0.33,0.27978
0.68,0.43,-0.33559
0.13,0.25,0.99788
0.66,0.12,-0.78315
0.56,0.48,0.19222
0.08,0.85,1.3366
0.29,0.11,1.1347
0.56,0.13,-0.12707
0.03,0.25,0.50674
0.9,0.06,-0.48219
0.91,0.24,-0.2957
0.96,0.29,0.024718
0.53,0.94,0.82354
0.56,0.99,0.51672
0.32,0.53,1.4768
0.46,0.18,0.42682
0.34,0.24,1.1136
0.6,0.73,0.052743
0.39,0.79,1.3912
0.53,0.55,0.40502
0.7,0.89,0.00083392
0.7,0.98,0.047871
0.23,0.53,1.5272
0.08,0.76,1.2753
0.15,0.31,1.1401
0.98,0.49,0.36643
0.52,0.76,0.63604
0.76,0.4,-0.54157
0.49,0.44,0.50843
0.74,0.07,-0.95157
0.85,0.23,-0.60959
0.33,1,1.9116
0.22,0.47,1.4135
0.68,0.62,-0.28097
0.35,0.12,0.93778
0.18,0.29,1.2137
0.1,0.23,0.71547
0.8,0.08,-0.89887
0.55,0.78,0.47655
0.81,0.27,-0.67357
0.77,0.89,-0.10559
0.53,0.36,0.16676
0.34,0.7,1.5516
0.84,0.8,-0.12026
0.72,0.39,-0.54348
0.11,0.42,1.0666
0.43,0.35,0.79939
0.14,0.65,1.3328
0.1,0.88,1.4639
0.74,0.63,-0.34513
0.29,0.22,1.207
0.68,0.34,-0.46672
0.36,0.51,1.3815
0.22,0.51,1.526
0.71,0.84,-0.094541
0.66,0.96,0.09131
0.41,0.91,1.5004
0.09,0.54,0.97319
0.91,0.54,-0.0093521
0.8,0.95,-0.044854
0.59,0.56,0.084409
0.84,0.97,0.26801
0.45,0.25,0.54807
0.18,0.72,1.6192
0.89,0.74,0.098261
0.06,0.27,0.58928
0.36,0.98,1.8172
0.58,0.25,-0.26626
0.78,0,-0.96476
0.68,0.76,-0.16373
0.03,0.99,1.1797
0.7,0.64,-0.21675
0.17,0.9,1.822
0.65,0.78,-0.019012
0.67,0,-0.93631
0.79,0.5,-0.46557
0.11,0.78,1.4899
0.62,0.57,-0.11772
0.05,0.48,0.81452
0.26,0.75,1.8434
0.29,0.16,1.1392
0.94,0.52,0.18658
0.99,0.27,0.2703
0.94,0.71,0.40233
0.62,0.5,-0.17293
0.87,0.08,-0.67826
0.74,0.78,-0.067088
0.12,0.22,0.9212
0.13,0.11,0.88632
0.94,0.66,0.22432
0.17,0.57,1.5553
0.89,0.28,-0.40235
0.04,0.29,0.52773
0.45,0.68,1.0187
0.31,0.06,0.98713
0.76,0.41,-0.49853
0.21,0.97,2.001
0.87,0.46,-0.26584
0.37,0.51,1.1515
0.96,0.25,-0.17161
0.12,0.68,1.4526
0.45,0.1,0.52709
0.32,0.78,1.7171
0.55,0.13,-0.10707
0.24,0.13,1.0262
0,0.34,0.45224
0.96,1,0.71003
0.86,0.36,-0.37086
0.25,0.15,1.1299
0.02,0.39,0.45526
0.86,1,0.12312
0.86,0.22,-0.61178
0.59,0.01,-0.59461
0.86,0.04,-0.74658
0.48,0.83,0.95784
0.53,0.02,-0.17341
0.46,0.55,0.79857
0.49,0.14,0.27776
0.56,0.58,0.21531
0.46,0.94,1.1047
0.54,0.17,-0.093851
0.45,0.31,0.603
0.21,0.19,1.1695
0.25,0.91,1.8945
0.99,0.98,0.93887
0.83,0.46,-0.34908
0.63,0.06,-0.62549
0.27,0.94,1.8811
0.44,0.75,1.1929
0.05,0.79,1.1053
0.76,0.02,-0.92232
0.96,0.87,0.60742
0.01,0.36,0.45703
0.52,0.27,0.11113
0.83,0.57,-0.28271
0.13,0.49,1.1946
1,0.44,0.47015
0.77,0.54,-0.50564
0.54,0.79,0.53732
0.75,0.88,-0.13734
0.79,0.96,-0.061666
0.57,0.88,0.49479
0.22,0.29,1.1575
0.81,0.71,-0.16525
0.57,0.39,-0.066173
0.97,0.83,0.60809
0.14,0.2,0.87791
0.12,0.02,0.6995
0.11,0.4,1.1225
0.96,0.09,-0.17419
0.88,0.46,-0.26111
0.68,0.58,-0.44787
0.83,0.58,-0.21631
0.48,0.77,0.86748
0.39,0.2,0.91111
0.16,0.04,0.86001
0.43,0.85,1.2271
0.16,0.47,1.3649
0.62,0.24,-0.4663
0.49,0.05,0.098553
0.59,0.79,0.26853
0.33,0.39,1.2277
0.47,0.35,0.48568
0.33,0.81,1.7167
0.49,0.6,0.70009
0.8,0.16,-0.7792
0.42,0.41,0.92078
0.38,0.97,1.6052
0.55,0.11,-0.17081
0.32,0.67,1.5266
0.84,0.1,-0.73158
0.13,0.54,1.2573
0.44,0.63,0.94702
0.55,0.69,0.40758
0.64,0.74,-0.0079043
0.26,0.5,1.51
0.63,0.96,0.19488
0.84,0.15,-0.72233
0.27,0.63,1.6027
0.39,0.9,1.553
0.64,0.66,-0.11315
0.74,0.47,-0.49289
0.25,0.66,1.6259
0.7,0.24,-0.6962
0.55,0.34,0.1264
0.52,0.04,-0.10181
0.96,0.76,0.57821
1,0.56,0.55217
0.64,0.24,-0.47635
0.09,0.06,0.52599
0.43,0.77,1.1933
0.37,0.14,0.96106
0.39,0.8,1.3625
0.35,0.59,1.4413
0.97,0.88,0.76269
0.53,0.19,-0.12238
0.49,0.69,0.72237
0.97,0.59,0.37672
0.39,0.34,1.1167
0.43,0,0.45726
0.04,0.57,0.81377
0.32,0.81,1.831
0.36,0.16,0.88953
0.6,0.89,0.31797
0.66,0.09,-0.75103
0.11,0.34,0.95959
0.49,0.74,0.80812
0.09,0.73,1.0928
0.14,0.24,1.0259
0.94,0.91,0.51784
0.57,0.87,0.46919
1,0.82,0.83883
0.42,0.55,1.1049
0.3,0.36,1.3404
0.79,0.18,-0.8137
0.09,0.82,1.3426
0.13,0.47,1.1089
0.27,0.05,1.0203
0.79,0.87,-0.1025
0.95,0.59,0.28373
0.1,0.71,1.326
0.4,0.95,1.5078
0.38,0.8,1.4485
0.52,0.96,0.81639
0.81,0.72,-0.30926
0.06,0.3,0.78569
0.48,1,1.0249
0.33,0.61,1.604
0.1,0.02,0.54406
0.64,0.35,-0.37979
0.42,0.45,0.96662
0.32,0.14,1.1064
0.12,0.94,1.6859
0.37,0.22,0.95487
0.75,0.93,-0.04443
0.13,0.74,1.4989
0.41,0.31,0.91089
0.28,0.9,1.9364
0.57,0.95,0.54376
0,0.37,0.41596
1,0.73,0.7781
0.43,0.8,1.3418
0.29,0.06,0.94268
0.7,0.71,-0.15684
0.04,0.2,0.40264
0.17,0.35,1.249
0.45,0.64,0.87156
0.34,0.04,0.7986
0.44,0.56,0.86345
0.74,0.74,-0.21561
0.31,0.24,1.1666
0.95,0.92,0.6427
0.45,0.4,0.66787
0.6,0.24,-0.36178
0.57,0.37,-0.078938
0.72,0.37,-0.56201
0.99,0.02,-0.20444
0.08,0.69,1.2345
0.84,0.42,-0.33249
0.41,0.83,1.4339
0.86,0.53,-0.25316
0.74,0.54,-0.51603
0.54,0.45,0.23343
0.23,0.55,1.4571
0.87,0.06,-0.75983
0.47,0.61,0.71454
0.06,0.32,0.70207
0.43,0.95,1.4205
0.06,0.7,1.0975
0.99,0.57,0.53089
0.99,0.9,0.91176
0.95,0.02,-0.23129
0.42,0.53,1.0185
0.23,0.29,1.2764
0.22,0.02,1.0394
0.74,0.03,-0.94532
0.49,0.92,0.96554
0.25,0.83,1.7538
0.5,0.51,0.50283
0.72,0.58,-0.47653
0.74,0.3,-0.79087
0.16,0.02,0.86777
0.96,0.5,0.20322
0.04,0.6,0.84845
0.21,0.54,1.5343
0.69,0.1,-0.91073
0.89,0.03,-0.60456
0.11,0.51,1.1408
0.53,0.25,0.12029
0.63,0.87,0.18458
0.6,0.42,-0.24997
0.05,0.13,0.43048
0.36,0.78,1.6458
0.26,0.31,1.2884
0.96,0.93,0.52434
0.33,0.66,1.4959
0.89,0.29,-0.25312
0.66,0.79,-0.073211
0.71,0.16,-0.78421
0.58,0.27,-0.20736
0.79,0.09,-0.79934
0.66,1,0.1973
0.38,0.92,1.5199
0.97,0.57,0.31914
0.44,0.15,0.50202
0.9,0.7,0.16865
0.54,0.06,-0.18534
0.65,0.46,-0.32844
0.12,0.24,0.91942
0.51,0.69,0.56516
0.63,0.01,-0.6752
0.81,0.63,-0.23771
0.7,0.06,-0.80264
0.63,0.56,-0.21716
0.86,0.28,-0.50219
0.77,0.65,-0.46193
0.53,0.21,-0.017385
0.54,0.58,0.20167
0.32,0.82,1.7658
0.67,0.49,-0.37462
0.66,0.67,-0.22468
0.94,0.12,-0.35669
0.87,0.03,-0.67997
0.53,0.64,0.41283
0.15,0.86,1.7025
0.9,0.19,-0.37318
0.96,0.54,0.27649
0.33,0.74,1.6158
0.14,0.25,1.0834
0.63,0.07,-0.59055
0.92,0.44,0.021622
0.88,0.83,0.026321
0.14,0.93,1.6662
0.84,0.95,0.030327
0.25,0.72,1.7367
0.18,0.95,1.9284
0.8,0.15,-0.80292
0.09,0.03,0.57757
1,0.95,0.8988
0.15,0.41,1.1697
0.31,0.81,1.6945
0.95,0.18,-0.06786
0.33,0.25,1.1609
0.05,0.97,1.2848
0.15,0.12,0.96554
0.55,0.04,-0.26262
0.63,0.73,0.027195
0.53,0.85,0.69559
0.03,0.18,0.33768
0,0.85,0.84998
0.61,0.55,-0.1395
0.91,0.64,0.16237
0.01,0.79,0.93854
0.23,0.84,1.8387
0.65,0.86,0.0012339
0.75,0.29,-0.60642
0.56,0.45,-0.014669
0.57,0.09,-0.41116
1,0.74,0.80014
0.39,0.08,0.69258
0.75,0.54,-0.42607
0.28,0.27,1.185
0.53,0.8,0.57275
0.39,0.41,1.1237
0.33,0.77,1.6505
0.35,0.38,1.1231
0.38,0.61,1.2729
0.78,0.5,-0.43133
0.39,0.62,1.3194
0.54,0.3,0.12881
0.04,0.89,1.1662
0.63,0.99,0.28231
0.72,0.2,-0.7642
0.77,0.45,-0.58614
0.71,0.39,-0.66551
1,0.32,0.30058
0.71,0.7,-0.2003
0.67,0.15,-0.61861
0.64,0.02,-0.79023
0.44,0.55,0.91286
0.28,0.94,1.8733
0.82,0.69,-0.28731
0.53,0.56,0.46113
0.24,0.62,1.636
1,0.24,0.28912
0.55,0.4,0.039658
0.21,0.15,1.1506
0.91,0.14,-0.378
0.03,0.82,0.9902
0.13,0.82,1.4638
0.7,0.49,-0.4032
0.09,0.09,0.61074
0.14,0,0.82478
0.9,0.46,-0.14732
0.89,0.26,-0.40222
0.84,0.9,0.08227
0.66,0.83,0.094148
0.97,0.76,0.53473
0.42,0.66,1.1544
0.25,0.84,1.8394
0.4,0.48,1.0347
0.78,0.73,-0.30694
0.35,0.44,1.3134
0.36,0.5,1.1623
0.51,0.07,0.0048672
0.07,0.25,0.75812
0.51,0.99,0.93183
0.7,0.84,-0.24647
0.5,0.06,0.029289
0.5,0.92,0.9335
0.92,0.16,-0.3461
0.14,0.7,1.4553
0.53,0.27,0.11796
0.41,0.78,1.2756
0.81,0.18,-0.73603
0.1,0.26,0.8211
0.38,0.67,1.3085
0.01,0.4,0.44174
0.44,0.13,0.44237
0.24,0.78,1.7818
1,0.55,0.58487
0.5,0.46,0.48908
0.07,0.8,1.218
0.6,0.8,0.19359
0.78,0.81,-0.19761
0.21,0.02,1.0145
0.89,0.45,-0.2122
0.81,0.12,-0.82877
0.59,0.87,0.37528
0.71,0.36,-0.58813
0.94,0.93,0.57557
0.13,0.95,1.6931
0.52,0.2,0.063848
0.5,0.32,0.41349
0.82,0.22,-0.76666
0.97,0.71,0.50744
0.52,0.97,0.83704
0.99,0.46,0.37582
0.28,0.83,1.8073
0.99,0.87,0.82325
0.82,0.37,-0.50393
0,0.3,0.33566
0.06,0.77,1.0734
0.67,0.73,-0.16564
0.55,0.09,-0.30002
0.68,0.82,-0.15529
0.13,0.57,1.3225
0.56,0.88,0.57723
0.07,0.79,1.187
0.78,0.17,-0.75791
0.71,0.11,-1.0003
0.54,0.11,-0.094073
0.06,0.63,1.0486
0,0.6,0.57128
0.79,0.68,-0.27204
0.85,0.18,-0.57764
0.62,0.7,-0.039754
0.53,0.79,0.64592
0.89,0.59,-0.089118
0.37,0.92,1.6104
0.2,0.8,1.7007
0.1,0.05,0.65421
0.67,0.23,-0.64621
0.6,0.2,-0.3723
0.19,0.28,1.2724
0.17,0.99,1.7596
0.34,0.44,1.2939
0.79,0.1,-0.71678
0.17,0.36,1.1867
0.98,0.92,0.81001
0.83,0.53,-0.37301
0.63,0.91,0.12567
0.31,0.74,1.6564
0.82,0.04,-0.9845
0.02,0.29,0.40437
0.2,0.89,1.7068
0.61,0.02,-0.57076
0.5,0.73,0.78464
0.67,0.06,-0.8298
0.57,0.72,0.29128
0.06,0.89,1.2351
0.41,0.85,1.4014
0.61,0.76,0.1111
0.61,0.18,-0.59435
0.59,0.37,-0.20793
0.95,0.55,0.27303
0.98,0.04,-0.063652
0.25,0.21,1.1767
0.3,0.19,1.1114
0.77,0.84,-0.19475
0.72,0.65,-0.30407
0.7,0.83,-0.14328
0.58,0.28,-0.20681
0.48,0.06,0.30128
0.24,0.14,1.0434
0.09,1,1.4675
0.98,0.1,0.025207
0.11,0.3,0.91936
0.73,0.65,-0.28259
0.13,0.81,1.4936
0.47,0.95,1.1064
0.69,0.62,-0.34669
0.21,0,0.89273
0.97,0.66,0.40442
0.65,0.67,-0.23302
0.06,0.67,1.0486
0.89,0.69,0.01842
0.65,0.69,-0.1098
0.79,0.66,-0.2974
0.49,0.61,0.63921
0.06,0.46,0.79897
0.7,0.16,-0.83768
0.38,0.98,1.6365
0.5,0.21,0.16628
0.73,0.18,-0.75835
0.06,0.21,0.58596
0.56,0.81,0.46713
0.53,0.69,0.45163
0.95,0.68,0.39569
0.46,0.79,1.1046
0.09,0.21,0.77042
0.04,0.58,0.86759
0.82,0.49,-0.40316
0.44,0.14,0.52711
0.06,0.86,1.2361
0.41,0.54,1.2057
0.27,0.8,1.762
0.01,0.19,0.21593
0.36,0.95,1.7362
0.15,0.38,1.1257
0.82,0.66,-0.24828
0.95,0.96,0.66122
0.91,0.92,0.36605
0.46,0.37,0.65664
0.76,0.03,-0.93781
1,0.46,0.44929
0.37,0.56,1.4317
1,0.25,0.15014
0.2,0.62,1.5545
0.67,0.7,-0.25542
0.59,0.46,-0.11116
0.48,0.92,1.0527
0.93,0.92,0.48092
0.43,0.53,0.97335
0.66,0.31,-0.45803
0.56,0.94,0.59113
0,0.22,0.18348
0.05,0.71,1.0509
0.93,0.38,-0.083407
0.76,0.15,-0.72973
0.32,0.64,1.6292
0.14,0.26,1.0348
0.37,0.29,1.0286
0.36,0.05,0.84507
0.47,0.94,1.0948
0.09,0.89,1.4307
0.83,0.38,-0.44492
0.97,0.54,0.36172
0.1,0.19,0.80745
0.59,0.04,-0.39703
0.61,0.87,0.25443
0.52,0.71,0.67906
0.53,0.37,0.23869
0.88,0.98,0.33741
0.56,0.37,-0.046681
0.64,0.18,-0.62506
0.85,0.56,-0.12767
0.33,0.07,1.0368
0.86,0.99,0.16737
0.96,0.57,0.26625
0.71,0.06,-0.93025
0.46,0.2,0.5123
0.77,0.79,-0.18636
0.26,0.77,1.7166
0.55,0.5,0.12735
0.55,0.14,-0.07783
0.35,0.91,1.7019
0.45,0.53,0.87521
0.77,0.15,-0.80104
0.75,0.59,-0.47618
0.95,0.03,-0.25276
0.25,0.5,1.4322
0.67,0.82,0.014857
0.11,0.07,0.78047
0.45,0.49,0.80074
0.62,0.47,-0.11655
0.24,0.5,1.4497
0.3,0.13,1.0222
0.4,0.49,1.0421
0.99,0.74,0.62773
0.53,0.23,0.10417
0.63,0.02,-0.69322
0.24,0.15,1.1645
0.19,0.44,1.3046
0.37,0.98,1.7577
0.03,0.85,1.1125
0.53,0.93,0.69681
0.14,0.05,0.88112
0.17,0.43,1.3382
0.74,0.66,-0.45369
0.95,0.99,0.76051
0.14,0.15,0.95666
0.86,0.38,-0.37208
0.51,0.49,0.38597
0.63,0.08,-0.6747
0.22,0.84,1.8166
0.4,0.2,0.81509
0.54,0.7,0.41486
0.09,0.47,0.96904
0.91,0.69,0.12513
0.6,0.92,0.28867
0.51,0.34,0.27438
0.44,0.09,0.44821
0.01,0.39,0.54178
0.72,0.91,-0.14261
0.1,0.1,0.67153
0.81,0.84,-0.15223
0.26,0.25,1.2041
0.62,0.09,-0.54309
0.16,0.33,1.1094
0.06,0.92,1.306
0.3,0.43,1.3077
0.05,0.28,0.65623
0.66,0.13,-0.74606
0.67,0.32,-0.5611
0.57,0.86,0.46162
0.65,0.47,-0.35003
0.63,0.13,-0.55884
0.07,0.4,0.78075
0.48,0.71,0.88019
0.7,0.59,-0.44308
0.05,0.35,0.57552
0.42,0.6,1.1319
0.29,0.08,1.1112
0.52,0.36,0.29623
0.55,0.27,-0.10155
0.9,0.71,0.083615
0.8,0.98,0.07283
0.18,0.15,1.0205
0.74,0.56,-0.47022
0.6,0.35,-0.23537
0.38,0.69,1.3978
0.66,0.08,-0.81277
0.13,0.5,1.3049
0.94,0.11,-0.19456
0.41,0.04,0.62072
0.09,0.14,0.68888
0,0.59,0.67183
0.13,0.41,1.2212
0.21,0.66,1.6026
0.58,0.26,-0.27439
0.46,0.1,0.3624
0.43,0.87,1.3446
0.42,0.67,1.1198
0.6,0.51,-0.07403
0.19,0.2,1.1554
0.99,0.55,0.44984
0.84,0.35,-0.51193
0.44,0.3,0.61194
0.86,0.02,-0.72936
0.51,0.36,0.28486
0.03,0.61,0.75869
0.27,0.03,1.0001
0.46,0.25,0.44546
0.37,0.05,0.77648
0.2,0.94,1.9637
0.4,0.22,0.81374
0.64,0.49,-0.25782
0.87,0.35,-0.49591
0.32,0.03,0.95639
0.21,0.81,1.8665
0.52,0.9,0.80792
0.67,1,0.031812
0.12,0.19,0.7994
0.34,0.68,1.4375
0.81,0.59,-0.34853
0.54,0.9,0.56279
0.98,0.03,-0.090327
0.8,0.69,-0.23018
0.74,0.17,-0.80764
0.1,0.79,1.4092
0.01,0.01,0.016127
0.72,0.32,-0.69043
0.65,0.6,-0.19136
0.58,0.71,0.18931
0.03,0.67,0.92435
0.17,0.81,1.677
0.8,0.11,-0.81158
0.96,0.51,0.23742
0.26,0.17,1.2025
0.91,0.9,0.35237
0.31,0.91,1.9303
0.72,0.84,0.0052869
0.98,0.58,0.38824
0.49,1,1.1026
0.89,0.18,-0.47906
0.28,0.96,1.9695
0.92,0.54,0.10268
0.78,0.35,-0.72237
0.07,0.51,0.93496
0.07,0.96,1.4835
0.65,0.65,-0.2381
0.88,0.68,-0.078329
0.5,0.9,0.9603
0.56,0.96,0.60677
0.12,0.3,0.99117
0.3,0.21,1.2807
0.08,0.1,0.5787
0.46,0.54,0.84246
0.4,0.92,1.4911
0.36,0.82,1.5658
0.11,0.12,0.76951
0.3,0.58,1.6173
0.53,0.32,0.099393
0.92,0.43,0.050994
0.19,0.72,1.6667
0.4,0.38,0.92354
0.14,0.02,0.7662
0.87,0.21,-0.55968
0.69,0.04,-0.90508
0.67,0.55,-0.3357
0.81,0.9,-0.0028041
0.24,0.33,1.4574
0.49,0.38,0.38903
0.59,0.97,0.5519
0.62,0.33,-0.41578
0.96,0.42,0.11585
0.26,0.01,0.90742
0.02,0.91,1.1203
0.21,0.71,1.7498
0.99,0.53,0.49648
0.52,0.03,-0.059468
0.27,0.57,1.5285
0.86,0.78,0.016043
0.3,0.99,2.0057
0.07,0.42,0.81902
0.03,0.21,0.48111
0.31,0.67,1.5672
0.48,0.61,0.75563
0.49,0.98,1.0277
0.39,0.09,0.79066
0.54,0.55,0.25699
0.58,0.77,0.32375
0.53,0.5,0.25283
0.74,0.35,-0.54974
0.92,0.59,0.16689
0.43,0.82,1.1959
0.15,0.71,1.4514
0.34,0.97,1.8834
0.36,0.99,1.767
0.4,0.63,1.1322
0.96,0.53,0.29613
0.61,0.31,-0.39857
0.27,0.46,1.4231
0.71,0.66,-0.2068
0.22,0.57,1.5942
0.03,0.36,0.49313
0.51,0.39,0.35479
0.94,0.69,0.33438
0.22,0.97,1.8886
0.99,0.82,0.81759
0.52,0.18,-0.037723
0.85,1,0.263
0.41,0.94,1.4689
0.72,0.17,-0.76646
0.68,0.87,-0.043315
0.8,0.54,-0.43794
0.98,0.93,0.78082
0.06,0.52,0.91697
0.58,0.97,0.47511
0.36,0.84,1.6505
0.92,0.57,0.070134
1,0.76,0.76646
0.44,0.67,1.1231
0.68,0.61,-0.26328
0.46,0.3,0.57945
0.22,0.03,0.98861
0.65,0.48,-0.39359
0.64,0.28,-0.50603
0.38,0.12,0.91972
0.99,0.07,0.016856
0.03,0.62,0.75182
0.82,0.78,-0.10298
0.71,0.62,-0.35264
0.83,0.63,-0.29317
0.25,0.01,0.99376
0.95,0.71,0.37487
0.69,0.83,-0.14675
0.3,0.85,1.8602
0.3,0.95,1.9358
0.58,0.11,-0.35128
0.09,0.1,0.52467
0.04,0.46,0.75096
0.47,0.01,0.17978
0.67,0.1,-0.80084
0.87,0.52,-0.29543
0.11,0.41,0.9905
0.36,0.23,1.0428
0.94,0.54,0.16751
0.45,0.88,1.1872
0.42,0.28,0.74495
0.09,0.65,1.1221
0.73,0.43,-0.568
0.51,0.54,0.53586
0.46,0.66,0.92193
0.49,0.84,0.77554
0.37,0.25,1.0913
0.17,0.33,1.2397
0.34,0.72,1.57
0.28,0.79,1.7454
0.07,0.99,1.4304
0.64,0.37,-0.41502
0.18,0.84,1.6992
0.59,0.61,0.016533
0.55,0.57,0.36823
0.03,0.94,1.1178
0.77,0.41,-0.55227
0.76,0.75,-0.28121
0.83,0.16,-0.73221
0.77,0.2,-0.77193
0.43,0.34,0.75124
0.05,0.72,0.95968
0.36,0.94,1.7402
0.58,0.82,0.26432
0.18,0.83,1.7329
0.32,0.24,1.2194
0.27,0.55,1.4606
0.48,0.19,0.31533
0.69,0.81,-0.020153
0.95,0.41,0.067875
0.16,0.99,1.8037
1,0.28,0.2535
0.59,0.8,0.25678
0.92,0.92,0.38607
0.65,0.7,-0.13885
0.68,0.65,-0.27878
0.69,0.33,-0.54879
0.73,0.53,-0.48041
0.71,0.28,-0.73104
0.23,0.2,1.1645
0.26,0.12,1.2072
0.73,0.38,-0.62714
0.24,0.95,1.9937
0.71,0.05,-0.83889
0.24,0.22,1.2116
0.5,0.3,0.37251
0.66,0.6,-0.19579
0.22,0.56,1.6202
0.73,0.4,-0.58407
0.23,0.35,1.3908
0.23,0.39,1.3518
0.25,0.45,1.4775
0.84,0.24,-0.54295
0.75,0.82,-0.25765
0.4,0.02,0.59368
0.95,0.06,-0.20734
0.43,0.36,0.78141
0.77,0.55,-0.36382
0.41,0.06,0.50539
0.84,0.57,-0.24674
0.52,0.83,0.70927
0.52,0.13,-0.035919
0.07,0.34,0.73268
0.99,0.71,0.71251
0.55,0.12,-0.35583
0.33,0.86,1.7543
0.99,0.4,0.23313
0.86,0.67,-0.12396
0.25,0.24,1.3039
0.5,0.94,1.0041
0.64,0.47,-0.38025
0.05,0.61,1.0175
0.09,0.83,1.4246
0.57,0.3,-0.07415
0.27,0.24,1.182
0.17,0.4,1.2824
0.26,0.95,1.9459
0.49,0.07,0.10892
0.89,0.86,0.22462
0.39,0.06,0.58358
0.42,0.4,0.83876
0.88,0.12,-0.65685
0.33,0.8,1.7305
0.63,0.97,0.1778
1,0.52,0.52625
0.69,0.96,-0.015069
0.32,0.58,1.4384
0.99,0.88,0.74433
0.03,0.12,0.21967
0.15,0.17,0.86669
0.78,0.68,-0.30067
0.37,0.79,1.4853
0.58,0.61,0.10288
0.22,0.72,1.7242
0.71,0.17,-0.80067
0.95,0.69,0.3081
0.37,0.57,1.3206
0.06,0.91,1.3499
0.67,0.97,0.069355
0.81,0.36,-0.58759
0.48,0.11,0.27681
1,0.86,0.80756
0.76,0.45,-0.45203
0.28,0.41,1.3852
0.58,0.33,-0.17239
0.07,0.46,0.87653
0.08,1,1.5359
0.19,0.3,1.2766
0.36,0.64,1.3601
0.52,0.86,0.74478
0.28,0.98,1.988
0.22,0.14,1.1265
0.25,0.18,1.2314
0.77,0.8,-0.16106
0.64,0.19,-0.56271
0.55,0.24,-0.057068
0.5,0.15,0.10176
0.96,0.74,0.43447
0.11,0.99,1.6515
0.25,0.82,1.84
0.12,0.32,0.92214
0,0.43,0.50761
0.98,0.22,0.084266
0.56,0.53,0.18531
0.38,0.32,1.084
0.2,0.79,1.8558
0.27,0.04,1.0478
0.78,0.41,-0.64629
0.8,0.53,-0.43241
0.1,0.14,0.77918
0.39,0.39,0.95565
0.02,0.94,1.1003
0.43,0.25,0.64367
0.14,0.22,0.97133
0.21,0.8,1.824
0.67,0.79,-0.16517
0.73,0.31,-0.72206
0.94,0.59,0.26046
0.39,0.81,1.3615
0.88,0.51,-0.11647
0.02,0.47,0.58284
0.32,0.8,1.7505
0.4,0.01,0.55354
0.83,0.8,0.014967
0.43,0.07,0.53534
0.19,0.39,1.3938
0.69,0.79,-0.052405
0.05,0.52,0.85312
0.88,0.05,-0.65748
0.57,0.66,0.33413
0.72,0.99,-0.045181
0.26,0.63,1.5933
0.84,0.21,-0.60588
0.82,0.54,-0.36005
0.82,0.8,-0.023901
0.36,0.61,1.316
0,0.87,0.8518
0.97,0.08,-0.068604
0.8,0.86,-0.16919
0.6,0.05,-0.47093
0.36,0.39,1.0846
0.32,0.27,1.2706
0.25,0.47,1.4841
0.81,0.83,-0.013981
0.38,0.7,1.4952
0.79,0.44,-0.5089
0.86,0.01,-0.8146
0.93,0.02,-0.4057
0.3,0.56,1.5149
0.66,0.72,-0.15689
0.8,0.83,-0.095154
0.91,0.83,0.24014
0.58,0.63,0.18223
0.72,0.95,0.0034994
0.93,0.99,0.53707
0.72,0.98,0.060594
0.08,0.78,1.2844
0.97,0.2,-0.0017786
0.39,0.95,1.6336
0.25,0.62,1.6091
0.05,0.59,0.889
0.29,0.96,1.8381
0.56,0.14,-0.29536
0.43,0.96,1.3986
0.79,0.11,-0.81162
0.37,0.11,0.82096
0.2,0.4,1.4195
0.29,0.67,1.7074
0.89,0.48,-0.075697
0.09,0.8,1.38
0.67,0.85,0.03123
0.01,0.54,0.5279
0.48,0.59,0.64152
0.15,0.7,1.4316
0.13,0.06,0.85775
0.96,0.44,0.16673
0.23,0.36,1.3026
0.75,0.13,-0.92523
0.55,0.38,0.026319
0.88,0.54,-0.14374
0.29,0.1,1.1363
0.57,0.69,0.19293
0.64,0.17,-0.69688
0.27,0.29,1.2527
1,0.84,0.84131
0.49,0.49,0.55523
0.77,0.99,-0.031914
0.5,0.91,0.92814
0.87,0.71,-0.0070233
0.48,0.54,0.66583
0.11,0.83,1.3963
0.28,0.48,1.3968
0.2,0.02,0.95671
0.04,0.88,1.1146
0.02,0.89,0.98224
0.55,0.91,0.56375
0.79,0.26,-0.65565
0.59,0.91,0.45143
0.57,0.51,0.25078
0.65,0.39,-0.41562
0.54,0.08,-0.19583
0.48,0.66,0.79394
0.03,0.72,0.88564
0.32,0.25,1.148
0.21,0.7,1.6182
0.34,0.23,1.0773
0.32,0.98,1.8731
0.85,0.3,-0.51083
0.03,0.77,0.95952
0.38,0.9,1.5994
0.32,0.11,1.0918
0.73,0.19,-0.88901
0.95,0.88,0.56959
0.44,0.74,1.2011
0.23,0.82,1.8751
0.31,0.68,1.737
0.53,0.08,-0.1144
0.96,0.02,-0.20071
0.98,0.45,0.2809
0.6,0.64,0.018818
0.23,0.03,1.082
0.48,0.29,0.40806
0.65,0.99,0.22792
0.04,0.75,0.88289
0.86,0.42,-0.33071
0.22,0.22,1.2482
0.65,0.31,-0.50274
0.12,0.35,0.97634
0.59,0.38,-0.14494
0.11,0.33,0.96489
0.44,0.84,1.2322
0.19,0.43,1.4449
0.72,0.43,-0.52617
0.22,0.78,1.8422
0.4,0.12,0.72239
0.43,0.68,1.1338
0.73,0.48,-0.50484
0.57,0.92,0.46312
0.16,0.57,1.3685
0.31,0.11,1.0211
0.45,0.44,0.7422
0.9,0.21,-0.37171
0.41,0.33,0.88576
0.88,0.31,-0.35811
0.17,0.79,1.6567
0.45,0.14,0.50208
0.91,0.97,0.44143
0.4,0.98,1.5825
0.86,0.87,0.048123
0.06,0.97,1.3546
0.43,0.21,0.72402
0.18,0.25,1.1375
0.15,0.56,1.3111
0.01,0.69,0.76841
0.92,0.38,-0.052318
0.82,1,0.12629
0.48,0.65,0.76075
0.63,0.71,0.037102
0.92,0.8,0.23446
0.79,0.59,-0.38403
0.29,0.36,1.3799
0.85,0.29,-0.45817
0.12,0.78,1.491
0.31,0.75,1.7329
0.8,0.71,-0.20826
0.06,0.72,1.0707
0.48,0.03,0.068867
0.87,0.77,0.045222
0.65,0.88,0.043286
0.27,0.23,1.2364
0.15,0.4,1.1867
0.68,0.48,-0.47703
0.03,0.41,0.53799
0.59,0.2,-0.35168
0.43,0.01,0.53474
0.65,0.11,-0.73618
0.62,0.03,-0.66592
0.71,0.79,-0.10282
0.24,0.46,1.4977
0.61,0.62,-0.028857
0.91,0.11,-0.41852
0.58,0.66,0.23914
0.2,0.65,1.5646
0.23,0.92,1.9053
0.63,0.41,-0.41846
0.96,0.21,-0.077999
0.18,0.22,1.2282
0.37,0.82,1.6355
0.49,0.01,0.1051
0,0.68,0.64414
0.13,0.59,1.3015
0.9,0.37,-0.16661
0.19,0.6,1.6311
0.58,1,0.45872
0.22,0.91,1.8437
0.54,0.37,0.10048
0.7,0.13,-0.73435
0.31,0.88,1.8559
0.98,0.47,0.3399
0.41,0.4,0.87686
0.82,0.51,-0.41727
0.37,0.58,1.217
0.52,0.8,0.70238
0.26,0.3,1.3669
0.54,0.82,0.55907
0.43,0.81,1.2685
0.75,0.25,-0.68868
0.53,0.3,0.031752
0.25,0.08,1.1132
0.94,0.27,-0.14254
0.39,0.66,1.3209
0.69,0.77,-0.17735
0.19,0.31,1.2022
0.3,0.84,1.7381
0.23,0.75,1.6711
0.47,0.36,0.62879
0.53,0.95,0.80171
0.81,0,-0.91912
0.69,0.49,-0.44283
0.47,0.4,0.58209
0.21,0.05,0.99146
0.58,0.45,-0.029633
0.15,0.82,1.5541
0.49,0.11,0.22828
0.22,0.52,1.4399
0.14,0.75,1.5221
0.72,0.25,-0.73213
0.01,0.33,0.35124
0.52,0.93,0.79895
0.64,0.1,-0.71751
0.29,0.34,1.3452
0.78,0.88,-0.13973
0.69,0.56,-0.37082
0.02,0.15,0.27304
0.99,0.14,0.084714
0.92,0.87,0.37428
0.83,0.6,-0.27417
0.1,0.61,1.2226
0,0.78,0.8014
0.65,0.68,-0.08365
0.37,0.3,0.96934
0.17,0.45,1.3803
0.63,0.67,-0.17705
0.13,0.03,0.87988
0.37,0.44,1.0769
0.56,0.66,0.34104
0.33,0.45,1.3294
0.11,0.39,1.0674
0.48,0.43,0.56869
0.94,0.41,0.010925
0.14,0.18,0.94161
0.51,0.91,0.83869
0.64,0.08,-0.66596
0.6,0.78,0.22487
0.16,0.38,1.276
0.02,0.56,0.65442
0.42,0.09,0.64885
0.05,0.43,0.84945
0.81,0.6,-0.32453
0.56,0.35,-0.0040177
0.81,0.74,-0.20957
0.28,0.12,1.1395
0.89,0.15,-0.37217
0.92,0.31,-0.15088
0.69,0.68,-0.24971
0.59,0.85,0.35636
0.3,0.46,1.5006
0.31,0.47,1.3314
0.14,0.53,1.2882
0.62,0.8,0.028932
0.5,0.42,0.42564
0.01,0.26,0.23075
0.87,0.32,-0.40884
0.73,0.97,-0.064927
0.89,0.75,0.10338
0.26,0.41,1.3158
1,0.54,0.50596
0.42,0.98,1.398
0.56,0.79,0.44068
0.78,0.59,-0.36307
0.68,0.23,-0.73054
0,0.76,0.81679
0.84,0.91,0.10544
0.28,0.6,1.6106
0.17,0.19,0.99205
0.41,0.59,1.1418
0.55,0.17,-0.14264
0.44,0.52,0.8473
0.83,0.72,-0.23374
0.64,0.27,-0.49001
0.79,0.21,-0.72554
0.17,0.22,1.0351
0.81,0.62,-0.35932
0.52,0.16,-0.025577
0.96,0.32,0.064318
0.25,0,1.0288
0.31,0.34,1.2497
0.73,0.41,-0.52807
0.16,0.26,1.0864
0.05,0.85,1.1195
0.68,0.51,-0.32738
0.58,0.08,-0.36328
0.83,0.87,0.058849
0.89,0.4,-0.21976
0.45,0.13,0.55273
0.7,0.48,-0.45182
0.5,0.44,0.39183
0.09,0,0.55583
0.11,0.45,1.0625
0.19,0.19,1.1351
0.49,0.41,0.48787
0.5,0.01,0.028566
0.8,0.9,-0.14416
0.54,0.73,0.518
0.8,0.85,-0.075716
0.29,0.6,1.531
0.45,0.57,0.8447
0.24,0.01,0.89691
0.86,0.96,0.16763
0.42,0.65,1.1694
0.57,0.75,0.3426
0.93,0.73,0.26389
0.32,0.7,1.5243
0.68,0.49,-0.40695
0.02,0.49,0.53601
0.4,0.79,1.4243
0.52,0.57,0.47722
0.71,0.98,0.10488
0.39,0.97,1.5599
0.44,0.82,1.162
0.12,0.25,0.91582
0.02,0.43,0.59164
0.01,0.34,0.45623
0.54,0.88,0.60545
0.21,0.88,1.8538
0.84,0.27,-0.46572
0.69,0.84,-0.068013
0.97,0.58,0.34677
0.31,0,0.94409
0.47,0.83,1.0514
0.85,0.28,-0.50253
0.79,0.43,-0.53776
0.31,0.93,1.8623
0.27,0.62,1.6327
0.61,0.54,-0.081064
0.02,0.18,0.34624
0.14,0.09,0.88057
0.83,0.65,-0.25421
0.22,0.63,1.5807
0.18,0.34,1.2456
0.54,0.76,0.57904
0.93,0.03,-0.41584
0.35,0.77,1.6208
0.9,0.52,-0.066568
0.74,0.44,-0.55796
0.91,0.85,0.32993
0.64,0.84,0.14743
0.17,0.59,1.596
0.82,0.48,-0.47256
0.2,0.88,1.8181
0.28,0.36,1.3535
0.6,0.25,-0.2605
0.56,0.24,-0.11489
0.39,0.77,1.4253
0.09,0.44,0.84143
0.28,0.19,1.2082
0.87,0.97,0.22863
0.32,0.52,1.4365
0.24,0.09,1.1437
0.59,0.72,0.17985
0.3,0.87,1.8378
0.09,0.84,1.3993
0.62,0.74,0.12073
1,0.87,0.91563
0.89,0.17,-0.35862
0.22,0.65,1.5756
0.03,0.42,0.61609
0.92,0.76,0.35232
0.59,0.45,-0.034568
0.34,0.78,1.5813
0.88,1,0.34177
0.08,0.22,0.73127
0.19,0.22,1.2311
0.15,0.42,1.3727
0.02,0.98,1.0566
0.39,0.37,0.94172
0.09,0.17,0.6947
0.46,0.63,0.96832
0.32,0.61,1.4903
0.66,0.42,-0.44146
0.04,0.09,0.37764
0.15,0.92,1.8033
0.31,0.77,1.7327
0.11,0.05,0.66179
0.38,0.22,0.88498
0.63,0,-0.7324
0.73,0.71,-0.3102
0.39,0.14,0.79587
0.09,0.98,1.4627
0.58,0.24,-0.33876
0.91,0.18,-0.39542
0.45,0.42,0.71607
0.06,0.75,1.2297
0.01,0.66,0.77662
0.01,0.8,0.80877
0.02,0.44,0.52082
0.61,0.33,-0.26633
0.27,0.32,1.3536
0.08,0.3,0.76791
0.78,0.79,-0.18187
0.26,0.29,1.3672
0.24,0.06,1.0735
0.84,0.66,-0.23772
0.5,0.08,0.014535
0.64,0.23,-0.58874
0.79,0.16,-0.8888
0.49,0.59,0.54162
0.43,1,1.4288
0.53,0.88,0.7915
0.14,0.58,1.3627
0.19,0.86,1.7135
0.39,0.55,1.1955
0.66,0.92,0.12421
0.91,0.12,-0.40843
0.52,0.22,0.076076
0.56,0.39,-0.0084538
0.02,0.59,0.6455
0.54,0.47,0.2648
0.29,0.39,1.3943
0.05,0.63,0.90932
0.04,0.79,0.98453
0.82,0.76,-0.20853
0.16,0.54,1.4171
0.23,0.51,1.6194
0.93,0.66,0.17304
0.35,0.43,1.2905
0.5,0.66,0.70183
0.71,0.44,-0.52878
0.46,0.34,0.53897
0.79,0.64,-0.33805
0.15,0.43,1.2234
0.93,0.35,-0.037477
0.79,0.91,0.0026663
0.02,0.7,0.73967
0.91,0.95,0.38197
0.89,0.87,0.15392
0.52,0.95,0.83969
0.55,0.32,0.059766
0.25,0.97,1.9032
0.94,0.29,-0.10388
0.49,0.12,0.25355
0.91,0.3,-0.29684
0.99,0.28,0.25884
0.96,0.16,-0.044513
0.98,0.55,0.44972
0.09,0.51,1.1421
0.87,0.2,-0.4408
0.19,0.36,1.3251
1,0.01,0.014252
0.54,1,0.67375
0.94,0.1,-0.27402
0.95,0.14,-0.18487
0.45,0.33,0.60329
0.96,0.38,0.074054
0.12,0.47,1.1538
0.11,0.09,0.78998
0.19,0.59,1.5184
0.75,0.36,-0.67619
0.16,0.82,1.7205
0.94,0.51,0.093664
0.13,0.68,1.3484
0.06,0.02,0.47175
0.18,0.1,1.0013
0.95,0.75,0.44691
0.89,0.9,0.30016
0.96,0.9,0.61049
0.11,0.65,1.34
0.02,0.41,0.43926
0.93,0.49,0.088887
0.57,0.73,0.30827
0.27,0.11,1.1692
0.17,0.24,1.1158
0.17,0.75,1.4845
0,0.12,0.087908
0.06,0.71,1.1014
0.57,0.57,0.13557
0.67,0.24,-0.63122
0.26,0.7,1.6217
0.19,0.57,1.456
0.88,0.57,-0.12327
0.63,0.27,-0.41498
0.03,0.28,0.47185
0.47,0.19,0.28418
0.52,0.84,0.69082
0.05,0.82,1.1574
0.14,0.34,1.1215
0.71,0.07,-0.93067
0.97,0.72,0.52827
0.27,0.98,2.0192
0.96,0.78,0.57931
0.39,0.16,0.92921
0.84,0.6,-0.18828
0.67,0.62,-0.29082
0.02,0.82,1.0414
0.23,0.72,1.78
0.75,0.68,-0.34999
0.79,0.37,-0.60225
0.16,0.15,0.93477
0.44,0.33,0.78761
0.43,0.66,1.122
0.1,0.73,1.2649
0.35,0.23,1.1181
0.5,0.29,0.32104
0.06,0.58,0.82137
0.77,0,-1.0538
0.24,0.53,1.5226
0.84,0.02,-0.80237
0.82,0.73,-0.12482
0.44,0.46,0.88058
0.61,0.88,0.20822
0.91,0.86,0.33343
0.97,0.85,0.64571
0.03,0.75,1.005
0.48,0.02,0.13446
0.66,0.55,-0.26204
0.39,0.74,1.3153
0.02,0.4,0.56392
0.94,0.88,0.5727
0.36,0.83,1.674
0.17,0.32,1.2047
0.49,0.99,0.99881
0.62,0.65,-0.11322
0.59,0.06,-0.46012
0.86,0.24,-0.60297
0.26,0.11,1.0263
0.25,1,2.1092
0.25,0.61,1.6428
0.97,0.68,0.41054
0.69,0.87,-0.14645
0.97,0.01,-0.11344
0.76,0.09,-0.91424
0.51,0.01,0.014951
0.56,0.84,0.48973
0.19,0.03,0.91245
0.54,0.5,0.13212
0.23,0.49,1.4367
0,0.21,0.26739
0.69,0.98,0.10131
0.33,0.89,1.8189
0.93,0.67,0.16367
0.22,0.35,1.285
0.37,0.37,1.2043
0.98,0.44,0.2942
0.7,0.2,-0.76468
0.9,0.72,0.083601
0.3,0.59,1.5538
0.9,0.32,-0.26882
0.14,0.67,1.3767
0,0.24,0.31619
0.43,0.47,0.79777
0.43,0.31,0.78102
0.65,0.02,-0.79778
0.18,0.76,1.588
0.17,0.97,1.7865
0.43,0.91,1.3481
0.54,0.43,0.16362
0.01,0.13,0.25866
0.74,0.34,-0.68476
0.22,0.6,1.4606
0.81,0.68,-0.25225
0.98,0.95,0.8102
0.29,1,1.979
0.36,0.36,1.1621
0.98,0.71,0.606
0.03,0.92,1.1086
0.6,0.03,-0.60701
0.89,0.85,0.18523
0.47,0.77,1.0283
0.09,0.56,1.0718
0.82,0.31,-0.5576
0.11,0.02,0.67961
0.71,0.61,-0.29708
0.87,0.76,0.043413
0.79,0.31,-0.63736
0.9,0.44,-0.14062
0.75,0.09,-0.8696
0.16,0.93,1.6612
0.13,0.9,1.6188
0.72,0.33,-0.59838
0.87,0.56,-0.078541
0.01,0.44,0.38906
0.06,0.11,0.6157
0.21,0.96,1.9586
0.12,0.28,0.90298
0.28,0.38,1.4293
1,0.53,0.48893
0.69,0.22,-0.77407
0.14,0.39,1.0926
0.56,0.72,0.34102
0.72,0.12,-0.93192
0.25,0.58,1.575
0.78,0.72,-0.24637
0.14,0.31,0.98133
0.32,0.65,1.5327
0.05,0.8,1.1301
0.2,0.9,1.8074
0.26,0.98,2.0556
0.09,0.16,0.67353
0.8,0.33,-0.57736
0.21,0.37,1.2566
0.39,0.52,1.2092
0.43,0.57,1.0609
0.38,0.88,1.5618
0.59,0.55,-0.0088105
0.28,0.64,1.5579
0.59,0.3,-0.19132
0.35,0,0.85911
0.15,0.01,0.766
0.42,0.83,1.1702
0.7,0.65,-0.25537
0.3,0.15,1.0433
0.22,0.15,1.1583
0.13,0.34,1.1531
0.75,0.58,-0.39927
0.99,0.18,0.067707
0.02,0.53,0.65664
0.1,0.33,0.94041
0.86,0.69,-0.038469
0.28,0.23,1.1152
0.41,0.57,0.98564
0.92,0.4,-0.039031
0.91,0.71,0.14964
0.1,0.92,1.5516
0.7,0.3,-0.62229
0.94,0.83,0.53759
0.6,0.45,-0.12108
0.17,0.07,0.93421
0.95,0,-0.24866
0.91,0.82,0.36035
0.38,0.58,1.1791
0.29,0.45,1.4163
0.17,0.11,0.92696
0.24,0.81,1.7069
0.27,0.16,1.1498
0.05,0.65,0.91556
0.66,0.41,-0.50694
0.1,0.87,1.5329
0.77,0.52,-0.45184
0.36,0.56,1.1696
0.66,0.24,-0.56925
0.48,0.95,1.1032
0.02,0.92,1.0364
0.65,0.08,-0.82391
0.98,0.29,0.1585
0.99,0.47,0.392
0.43,0.18,0.61728
0,0.23,0.2626
0.51,0.48,0.3036
0.6,0.93,0.32223
0.29,0.59,1.5105
0.56,0.64,0.27874
0.29,0.49,1.4923
0.12,0.76,1.4581
0.57,0.18,-0.28402
0.9,0.2,-0.40062
0.85,0.48,-0.26078
0.26,0.46,1.4736
0.75,0.43,-0.53925
0.4,0.64,1.2275
0.56,0.89,0.54472
0.59,0.21,-0.372
0.95,0.26,-0.028059
0.88,0.71,0.040693
0.17,0.31,1.2761
0.35,0.79,1.5901
0.07,0.61,1.0289
0.42,0.62,1.078
0.45,0.22,0.44727
0.76,0.61,-0.35257
0.55,0.26,-0.075062
0.78,0.96,-0.020926
0.37,0.02,0.7252
0.09,0.93,1.4506
0.03,0.88,1.0526
0.24,0.16,1.0957
0.29,0.21,1.1711
0.86,0.4,-0.33498
0.2,0.19,1.088
0,0.57,0.58236
0.82,0.01,-0.897
0.12,0.79,1.4805
0.73,0.56,-0.4519
0.02,0.74,0.84608
0.6,0.84,0.23839
0.14,0.82,1.5451
0.73,0.98,0.014043
0.98,0.7,0.55222
0.42,0.96,1.3972
0.51,0.44,0.37317
0.23,0.76,1.7574
0.47,0.39,0.44179
0.92,0.93,0.48652
0.33,0.73,1.5749
0.71,0.21,-0.7286
0.37,0.68,1.4248
0.89,0.42,-0.34185
0.65,0.17,-0.65106
0.22,0.28,1.3455
0.55,0.31,0.0070271
0.31,0.66,1.5038
0.11,0.47,1.1231
0.7,0.72,-0.27363
0.11,0.17,0.88034
0.52,0.53,0.50012
0.2,0.81,1.8232
0.29,0.77,1.8619
0.09,0.04,0.65279
0.16,0.28,1.1823
0.78,0.2,-0.84984
0.16,0.91,1.7238
0.52,0.42,0.23891
0.95,0.48,0.17609
0.17,0.69,1.5397
0.44,0.47,0.82383
0.46,0.13,0.27632
0.3,0.82,1.7491
0.7,0.68,-0.20171
0.01,0.96,1.0594
0.16,0.77,1.6345
0.15,0.68,1.5051
0.05,0.17,0.48603
0.96,0.03,-0.18211
0.32,0.37,1.1649
0.11,0.15,0.76455
0.08,0.47,1.0422
0.96,0.7,0.47226
0.15,0.58,1.3874
0.54,0.04,-0.28937
0.21,0.91,1.7667
0.7,0.31,-0.6013
0.37,0.4,1.1374
0.55,0.2,-0.1582
0.22,0.79,1.6651
0.04,0.97,1.2658
0.22,0.66,1.6342
0.83,0.69,-0.19919
0.26,0.14,1.0812
0.5,0.56,0.47473
0.24,0.37,1.3311
0.26,0.23,1.3125
0.55,0.16,-0.14969
1,0.81,0.80266
0.01,0.37,0.42295
0.15,0.2,1.0783
0.23,0.97,1.9946
0.77,0.68,-0.29912
0.58,0.99,0.46281
0.13,0.61,1.319
0.37,0.34,1.1076
0.9,0.84,0.25348
0.61,0.57,-0.11323
0.48,0.74,0.92649
0.86,0.74,-0.12117
0.02,0.35,0.42471
0.11,0.64,1.26
0.39,0.92,1.519
0.19,0.51,1.4582
0.02,0.96,1.03
0.04,0.41,0.73772
0.21,0.38,1.39
0.51,0.13,-0.0086818
0.66,0.01,-0.83277
0.95,0.13,-0.21103
0.01,0.27,0.23629
0.71,0.29,-0.59995
0.72,0.21,-0.6652
0.03,0.14,0.39258
0.04,0.21,0.52181
0.1,0.06,0.61199
0.53,0.58,0.35568
0.19,0.34,1.2336
0.79,0.08,-0.8832
1,0.4,0.46562
0.47,0.14,0.28809
0.2,0.97,1.8808
0.85,0.09,-0.78928
0.33,0.01,0.88712
0.15,0.02,0.88878
0.23,0.87,1.7934
0.91,0.99,0.53681
0.51,0.35,0.45502
0.33,0.68,1.5396
0.94,0.31,0.01536
0.87,0.45,-0.26495
0.98,0.97,0.83348
0.22,0.8,1.8318
0.19,0.02,0.91614
0.56,1,0.65068
0.78,0.8,-0.30987
0.8,0.4,-0.57408
1,0.78,0.68563
0,0.64,0.6547
0.04,0.48,0.76052
0.15,0.79,1.5442
0.04,0.94,1.1571
0.19,0.97,1.961
0.8,0.97,0.12091
0.43,0.52,0.95786
0.59,0.6,0.1519
0.72,0.66,-0.29127
0.77,0.29,-0.78117
0.25,0.96,1.955
0.85,0.74,-0.018127
0.21,0.12,1.1161
0.75,0.01,-1.0167
0.32,0.92,1.8735
0.88,0.72,0.14475
0.45,0.35,0.63329
0.22,0.36,1.3986
0.26,0.97,2.0817
0.21,0.74,1.6613
0.45,0.38,0.72544
0.6,0.23,-0.43078
0.38,0.6,1.3102
0.89,0.21,-0.59134
0.73,0.62,-0.3884
0.02,0.24,0.36653
0.33,0.55,1.3141
0.42,0.06,0.56457
0.11,0.76,1.344
0.41,0.16,0.6361
0.88,0.36,-0.24605
0.76,0.36,-0.72493
0.84,0.67,-0.17645
0.56,0.11,-0.20028
0.97,0.98,0.71887
0.88,0.2,-0.45957
0.2,0.23,1.0754
0.7,0.79,-0.039957
0.63,0.86,0.18874
0.66,0.86,-0.016231
0.89,0.25,-0.38575
0.78,0.4,-0.66438
0.03,0.59,0.86386
0.25,0.87,1.8831
0.38,0.54,1.3156
0.01,0.87,0.97801
0.84,0.72,-0.13304
0.53,0.82,0.71161
0.47,0.87,1.0209
0.91,0.25,-0.29161
0.28,0.45,1.4356
0.28,0.93,1.8828
0.47,0.68,0.84868
0.24,0.45,1.439
0.8,0.27,-0.66907
0.07,0.07,0.46631
0.15,0.99,1.7804
0.46,0.04,0.42926
0.51,0.92,0.85149
0.65,0.41,-0.45626
0.8,0.14,-0.74844
0.19,0.93,1.8546
0.63,0.14,-0.53046
0.72,0.34,-0.73117
0.89,0.64,0.026952
0.36,0.87,1.6896
0.53,0.04,-0.19098
0.6,0.21,-0.39017
0.86,0.48,-0.15206
0.26,0.09,1.0295
0.3,0.42,1.3601
0.02,0.51,0.69173
0.29,0.78,1.7672
0.91,0.76,0.3487
0.34,0.48,1.2918
0.42,0.3,0.69764
0.83,0.39,-0.42936
0.84,0.28,-0.52441
0.32,0.13,1.0715
0.36,0.2,1.0198
0.86,0.98,0.18313
0.72,0.42,-0.52636
0.57,0.34,-0.11013
0.87,0.57,-0.14447
0.5,0.39,0.45404
0.16,0.31,1.1863
0.41,0.11,0.69047
0.63,0.33,-0.42898
0.65,0.1,-0.78799
0.13,0.65,1.3753
0.45,0.85,1.1732
0.44,0.35,0.71498
0.78,0.64,-0.38003
0,0.39,0.36647
0.66,0.84,0.056573
0.86,0.61,-0.010823
0.67,0.95,0.098527
0.45,0.16,0.50612
0.03,0.63,0.78333
0.24,0.9,1.8635
0.42,0.38,0.8888
0.08,0.01,0.46064
0.14,0.16,0.93739
0.93,0.59,0.13885
0.77,0.17,-0.81253
0.16,0.32,1.1798
0.87,0.09,-0.62677
0.28,0.3,1.2218
0.24,0.05,1.0905
0.34,0.16,0.9483
0.51,0.81,0.77546
0.51,0.51,0.37632
0.66,0.17,-0.58731
0.99,0.04,0.0097711
0.61,0.85,0.19042
0.23,0.91,1.93
0.12,0.03,0.75622
0.78,0.92,-0.020849
0.3,0.23,1.2012
0.8,0.72,-0.33665
0.69,0.12,-0.79106
0.65,0.93,0.082129
0.3,0.86,1.8575
0.05,0.91,1.2348
0.75,0.61,-0.38481
0.22,0.82,1.7725
0.89,0.37,-0.18138
0.46,0.82,1.0784
0.3,0.29,1.2651
0.19,0.89,1.8696
0.17,0.09,0.94852
0.79,0.71,-0.3554
0.55,0.67,0.39268
0.84,0.34,-0.39507
0.27,0.93,2.0416
0.68,0.98,-0.040242
0.45,0.95,1.3022
0.53,0.4,0.23679
0.03,0.31,0.56296
0.22,0.39,1.4046
0.28,0.71,1.6313
0.27,0.09,1.058
0.09,0.01,0.56539
0.83,0.13,-0.62845
0.87,0.29,-0.47306
0.2,0.78,1.7411
0.37,0.85,1.6208
0.59,0.58,-0.0017888
0.8,0.58,-0.38453
0,0.02,0.11948
0.14,0.08,0.875
0.78,0.29,-0.61184
0.97,0.75,0.56082
0.76,0.88,-0.22991
0.93,0.24,-0.21808
0.1,0.46,0.9951
0.18,1,1.9851
0.83,0.26,-0.59973
0.35,0.16,0.95742
0.47,0.62,0.84972
0.83,0.04,-0.90135
0.46,0.69,0.92981
0.79,0.23,-0.81243
0.65,0.26,-0.63824
0.13,0.94,1.6395
0.09,0.91,1.4942
0.43,0.11,0.48346
0.11,0.22,0.92922
0.02,0.64,0.82135
0.95,0.53,0.2375
0.66,0.32,-0.56657
0.36,0.31,1.1139
0.08,0.83,1.3201
0.93,0.94,0.52752
0.58,0.92,0.412
0.8,0.8,-0.036646
0.64,0.21,-0.63084
0.29,0,0.98241
0.34,0.4,1.2717
0.65,0.95,0.2304
0,0.47,0.50624
0.04,0.69,0.85706
0.84,0.83,-0.12967
0.41,0.51,1.0454
0.52,0.28,0.16645
0.65,0.71,-0.15404
0.59,0.13,-0.29403
0.86,0.82,0.11826
0.28,0.29,1.3432
0.99,0.76,0.64225
0.78,0.99,0.047522
0.89,0.65,-0.062961
0.17,0.61,1.4981
0.27,0.47,1.3681
0.06,0.51,0.80456
0.75,0.6,-0.40506
0.04,0.66,0.95455
0.35,0.86,1.68
0.58,0.59,0.12465
0.59,0.53,-0.016931
0.9,0.13,-0.40183
0.63,0.88,0.14005
0.25,0.46,1.5414
0.38,0.59,1.3698
0.67,0.88,0.0085299
0.76,0.48,-0.49867
0.02,0.8,0.91391
0.31,0.61,1.6116
0.89,0.2,-0.40291
0.02,0.34,0.49008
0.34,0.75,1.56
0.07,0.68,1.0598
0.61,0.23,-0.37334
0.72,0.51,-0.45486
0.11,0.89,1.6428
0.91,0.02,-0.53816
0.82,0.13,-0.76392
0.36,0.41,1.1859
0.42,0.9,1.4067
0.37,0.01,0.74644
0.43,0.78,1.1203
0.53,0.49,0.32042
0.82,0.27,-0.56835
0.3,0.74,1.725
0.06,0.98,1.4037
0.42,0.44,0.94611
0.12,0.65,1.4516
0.07,0.36,0.77257
0.2,0.68,1.5922
0.09,0.64,1.2115
0.26,0.83,1.9093
0.72,0.26,-0.78577
0.61,0.22,-0.42435
0.14,0.55,1.4287
0.77,0.37,-0.62976
0.42,0.34,0.81562
0.08,0.29,0.69705
0.71,0.5,-0.35269
0.03,0.16,0.32268
0,0.1,0.12441
0.72,0.72,-0.25234
0.57,0.31,-0.089274
0.29,0.83,1.7312
0.02,0.3,0.54366
0.31,0.2,1.1726
0.2,0.98,1.9756
0.75,0.22,-0.76593
0.69,0.74,-0.19042
0.96,0.01,-0.21648
0.46,0.8,1.0449
0.88,0.26,-0.45886
0.19,0.12,0.96905
0.35,0.64,1.4763
0.1,0.13,0.72946
0.15,0.05,0.8307
0,0.19,0.21936
0.13,0.4,1.0121
0.21,0.92,1.7695
0.98,0.99,0.8061
1,0.67,0.59271
0.84,0.94,0.11534
0.78,0.51,-0.52971
0.82,0.71,-0.18679
0.52,0.07,-0.063506
0.5,0.59,0.68138
0.48,0.85,0.9832
0.67,0.25,-0.56537
0.06,0.22,0.60593
0.77,0.18,-0.72592
0.85,0.72,-0.14267
0.25,0.55,1.6395
0.92,0.33,-0.14936
0.89,0.61,0.097501
0.06,0.35,0.72757
0.89,0.34,-0.24834
0.89,0.93,0.34274
0.79,0.63,-0.32863
0.58,0.53,0.10169
0.87,0.11,-0.6596
0.9,0.18,-0.32297
0.79,0.67,-0.31707
0.86,0.54,-0.24
0.3,0.7,1.5947
0.99,0.29,0.17121
0.64,0.06,-0.81549
0.56,0.38,0.0052901
0.01,0.12,0.10715
0.14,0.88,1.6789
0.17,0.52,1.5008
0.59,0.84,0.36063
0.58,0.48,-0.066479
0.01,0.88,0.9022
0.6,0.91,0.29689
0.09,0.45,0.88054
0.83,0.14,-0.76285
0.69,0.99,0.087988
0.26,0.71,1.7082
0.94,0.96,0.69319
0.01,0.43,0.47988
0.1,0.41,0.95069
0.9,0.93,0.30765
0.76,0.5,-0.57532
0.27,0.59,1.6426
0.96,0.49,0.24911
0.53,0.89,0.64893
0.51,0.03,-0.029849
0.08,0.37,0.83327
0.83,0.68,-0.20733
0.9,0.96,0.37782
0.6,0.31,-0.35284
0.07,0.77,1.0978
0.34,0.47,1.2774
0.44,0.04,0.42663
0.02,0.2,0.29124
0.72,0.31,-0.71919
0.69,0.43,-0.57104
0.91,0.55,0.042085
0.49,0.85,0.96714
0.95,0.56,0.30054
0.61,0.6,-0.074783
0.19,0.13,1.1658
0.92,0.08,-0.36554
0.02,0.84,1.0291
0.81,0.47,-0.53203
0.09,0.74,1.3304
0.75,0.24,-0.70083
0.58,0.34,-0.1248
0.63,0.49,-0.21646
0.89,0.91,0.23507
0.18,0.9,1.7585
0.47,0.66,0.86802
0.75,0.55,-0.45258
0.21,0.46,1.4893
0.88,0.18,-0.56398
0.13,0.76,1.4878
0.3,0.16,1.1098
0.9,0.8,0.21528
0.76,0.04,-1.0207
1,0.13,0.13437
0.34,0.95,1.8058
0.35,0.68,1.4568
0.76,0.65,-0.2809
0.24,0.11,1.2516
0.56,0.56,0.14165
0.84,0.46,-0.43216
0.31,0.26,1.2145
0.35,0.84,1.6036
0.74,0.91,-0.080447
0.36,0.06,0.72738
0.82,0.65,-0.24333
0.06,0.42,0.8664
0.79,0,-1.0455
1,0.48,0.40681
0.63,0.32,-0.41171
0.54,0.94,0.69569
0.76,0.77,-0.25961
0.07,0.69,1.0955
0.7,0.8,-0.15322
0.9,0.53,0.016272
0.59,0.74,0.23049
0.4,0.42,1.1097
0.42,1,1.455
0.32,0.9,1.8899
0.8,0.36,-0.69353
0.56,0,-0.48116
0.14,0.42,1.1248
0.83,0.62,-0.29696
0.1,0.32,0.86506
0.76,0.49,-0.49404
0.71,0.38,-0.59777
0.05,0.77,1.0465
0.39,0.15,0.78465
0.35,0.92,1.6961
0.86,0.3,-0.42082
0.74,0.86,-0.12433
0.93,0.16,-0.26814
0.68,0.35,-0.53465
0.42,0.8,1.2384
0.92,0.36,-0.11052
0.26,0.03,0.95764
0.69,0.28,-0.67372
0.09,0.68,1.1456
0.1,0.89,1.4801
0.24,0.75,1.7412
0.57,0.32,-0.15976
0.26,0.27,1.2808
0.87,0.96,0.19857
0.12,0.09,0.73611
0.63,0.26,-0.39984
0.66,0.82,-0.052122
0.98,0.72,0.5742
0.41,0.39,0.9852
0.26,0.9,1.9058
0.29,0.42,1.3921
0.55,0.08,-0.20735
0.3,0.55,1.4724
0.44,0.28,0.74283
0.35,0.82,1.6409
0.72,0.22,-0.70901
0.33,0.21,1.0768
0.12,0.45,1.1675
0.32,0.5,1.3434
0.82,0.81,-0.18758
0.92,0,-0.57265
0.58,0.58,0.17593
0.89,0.99,0.4246
0.59,0.49,-0.17717
0.96,0.88,0.54391
0.69,0.93,-0.027214
0.73,0.59,-0.37046
0.68,0.02,-0.81101
0.23,0.16,1.2525
0.69,0.14,-0.83936
0.91,0.15,-0.38511
0.47,0.55,0.67604
0.36,0.43,1.2237
0.2,0.84,1.8528
0,0.11,0.013429
0.52,0.41,0.33127
0.42,0.51,1.0046
0.99,0.22,0.16129
0.88,0.24,-0.39363
0.07,0.43,0.86369
0.83,0.07,-0.85111
0.41,0.74,1.3791
0.51,0.29,0.18716
1,0.69,0.67024
0.02,0.13,0.26622
0.95,0.32,-0.068274
0.66,0.53,-0.30747
0.34,0.29,1.2209
0.64,0.09,-0.6619
0.67,0.75,-0.091637
0.37,0.39,1.0677
0.54,0.2,-0.11536
0.16,1,1.8556
0.29,0.61,1.5742
0.36,0.86,1.6258
0.4,0.1,0.82647
0.27,0.77,1.7285
0.83,0.97,0.11553
0.28,0.21,1.1169
0.54,0.68,0.45308
0.63,0.4,-0.2165
0.17,0.88,1.7377
0.42,0.85,1.3404
0.69,0.42,-0.51181
0.62,0.14,-0.53622
0.87,0.44,-0.32352
0.91,0.37,-0.13047
0.45,0.99,1.3151
0.87,0.16,-0.49113
0.23,0.21,1.2618
0.6,0.59,0.072714
0.84,0.32,-0.59848
0.63,0.52,-0.092098
0.53,0.84,0.61861
0.64,0.11,-0.63368
0.83,0.09,-0.73379
0.97,0.26,0.10005
0.45,0.47,0.72901
0.22,0.99,2.0276
0.08,0.27,0.76313
0.71,0.08,-0.89107
0.5,0.11,0.16399
0.87,0.23,-0.45326
0.29,0.9,1.7759
0.98,0.63,0.43156
0.28,0.18,1.1406
0.21,0.63,1.5669
0.1,0.16,0.78115
0.92,0.72,0.26757
0.84,0.74,-0.16885
0.36,0.1,0.81862
0.89,0.53,-0.035159
0.03,0.05,0.22801
0.29,0.91,1.8845
0.81,0.81,-0.11679
0.4,0.59,1.1102
0.24,0.66,1.6225
0.53,0.86,0.6635
0.82,0.39,-0.55396
0.75,0.3,-0.71133
0.48,0.78,0.95035
0.87,0.73,0.027481
0.78,0.6,-0.30617
0.07,0.37,0.84687
0.1,0.04,0.6051
0.78,0.74,-0.32711
0.62,0.54,-0.15325
0.02,0.88,1.038
0.17,0.71,1.5762
0.69,0.66,-0.35365
0.04,0.93,1.147
0.2,0.38,1.2539
0.88,0.76,0.06596
0.72,0.57,-0.42857
0.43,0.69,1.1344
0.33,0.96,1.8443
0.74,0.98,-0.049587
0.84,0.03,-0.81688
0.75,0.26,-0.70209
0.83,0.86,-0.095626
0.46,0.76,0.99787
0.91,0.05,-0.41691
0.6,0.01,-0.52412
0.61,0.04,-0.68237
0.23,0.09,0.99923
0.94,0.43,0.057046
0.03,0.54,0.78767
0.81,0.46,-0.43755
0.48,0.1,0.18852
0.55,0.75,0.41138
0.59,0.18,-0.26608
0.15,0.34,1.1369
0.56,0.49,0.16088
0.05,0.81,1.12
0.97,0.07,-0.18091
0.54,0.34,0.075894
0.43,0.9,1.3275
0.41,0.27,0.74032
0.23,0.22,1.1753
0.68,0.54,-0.32326
0.78,0.66,-0.31433
0.06,0.29,0.65072
0.18,0.55,1.4263
0.35,0.36,1.1315
0.28,0,1.0287
0.86,0.2,-0.57044
0.26,0.56,1.4507
0.85,0.42,-0.42408
0.28,0.65,1.6321
0.11,0.91,1.4674
0.56,0.82,0.39749
0.53,0.75,0.51804
0.02,0.02,0.19738
0.17,0.08,1.0506
0.81,0.77,-0.16422
0.57,0.28,-0.24209
0.5,0.53,0.51144
0.13,0.78,1.4859
0.42,0.68,1.2488
0.07,0.04,0.52673
0.5,0.23,0.16578
0.4,0.51,1.0592
0.87,0.67,-0.025383
0.38,0.08,0.71858
0.31,0.84,1.7572
0.45,0.54,0.89492
0.71,0.88,0.0031256
0.4,0,0.53843
0.37,0.65,1.32
0.8,0.5,-0.47409
0.92,0.61,0.12339
0.92,0.05,-0.42004
0.09,0.92,1.4927
0.34,0.22,0.98201
0.7,0.19,-0.75271
0.94,0.22,-0.1306
0.64,0.64,-0.15093
0.15,0.18,1.0214
0.11,0.66,1.3456
0.07,0.18,0.57947
0.6,0.85,0.21119
0.16,0.98,1.8141
0.34,0.74,1.5415
0.65,0,-0.83393
0.73,0.77,-0.25741
0.7,0.58,-0.381
0.16,0.19,1.0952
0.03,0.76,0.92328
0.16,0.94,1.8073
0.62,0.22,-0.53485
0.91,0.39,-0.1322
0.38,0.89,1.6172
0.25,0.09,1.0452
0.82,0.79,-0.089287
0.7,0.35,-0.50426
0.05,0.32,0.6102
0.89,0.16,-0.42434
0.88,0.89,0.13958
0.34,0.66,1.44
0.83,0.71,-0.19016
0.78,0.44,-0.5638
0.29,0.68,1.6307
0.28,0.56,1.5443
1,0.99,1.0544
0.79,0.15,-0.86428
0.52,1,0.87693
0.31,0.89,1.8026
0.9,0.59,0.063909
0.46,0.38,0.54924
1,0.8,0.85776
0.63,0.2,-0.49223
0.11,0.35,0.93173
0.79,0.14,-0.84809
0.83,0.52,-0.3751
0.23,0.3,1.2761
0.99,0.16,0.057936
0.26,0.93,2.0218
0.7,0.34,-0.67708
0.95,0.95,0.56378
0,0.7,0.63793
0.14,0.48,1.2239
0.21,0.99,1.9085
0.63,0.64,-0.084692
0.18,0.39,1.4021
0.02,0.32,0.47296
0.1,0.55,1.1028
0.21,0.84,1.7799
0.2,0.77,1.7072
0.37,0.69,1.5178
0.94,0.08,-0.19724
0.93,0.63,0.22249
0.28,0.72,1.6684
0.03,0.43,0.68971
0.86,0.43,-0.29109
0.82,0.6,-0.29424
0.22,0.08,0.98304
0.77,1,-0.040238
0.45,0.63,0.97665
0.84,0.44,-0.37613
0.69,1,0.061367
0.77,0.33,-0.60911
0.32,0.84,1.7263
0.66,0.68,-0.23822
0.59,0,-0.57189
0.46,0.48,0.75043
0.7,0.47,-0.52398
0.56,0.27,-0.14846
0.18,0.68,1.6244
0.7,0.57,-0.45651
0.09,0.96,1.5211
0.54,0.91,0.72273
0.77,0.96,-0.045156
0.21,0.1,0.99275
0.52,0.81,0.69404
0.77,0.04,-0.97385
0.58,0.76,0.28644
0.31,0.15,1.0785
0.48,0.98,1.1414
0.37,0.77,1.507
0.17,0.84,1.752
0.99,0.51,0.44939
0.17,0.62,1.579
0.16,0.85,1.7186
0.94,0.76,0.40021
0.9,0.68,0.12253
0.28,0.58,1.6473
0.96,0.34,0.25667
0.88,0.91,0.18295
0.76,0.8,-0.29439
0.11,0.72,1.4009
0.54,0.83,0.59203
0.96,0.58,0.23742
0.05,0.73,1.01
0.4,0.21,0.81847
0.32,0.94,1.8917
0.08,0.59,1.0113
0.41,0.42,0.91435
0.88,0.38,-0.30375
0.1,0.28,0.96926
0.9,0.99,0.34633
0.12,0.44,1.1774
0.25,0.37,1.3671
0.01,0.29,0.27862
0.84,0.3,-0.49568
0.34,0.02,0.83885
0.24,0.86,1.9992
0.53,0.43,0.15407
0.54,0.63,0.30957
0.52,0.37,0.36255
0.99,0.12,0.094802
0.63,0.21,-0.50785
0.69,0.63,-0.21839
0.82,0.58,-0.3193
0.22,0.11,1.1429
0.72,0.9,-0.061871
0.08,0.06,0.58446
0.22,0.21,1.2088
0.19,0.85,1.8159
0.19,0.95,1.8782
0.85,0.94,0.14649
0.08,0.73,1.2462
0.74,0.4,-0.55391
0.24,0.23,1.2775
0.25,0.77,1.7808
0.48,0.79,1.0023
0.57,0.38,0.024232
0.24,0.57,1.5858
0.1,0.07,0.64236
0.74,0.53,-0.48217
0.87,0.69,-0.1202
0.65,0.37,-0.442
0.2,0.34,1.2493
0.56,0.9,0.54512
0.11,0.38,1.1098
0.18,0.62,1.4407
0.22,0.1,1.1103
0.69,0.9,-0.11493
0.61,0.17,-0.4531
0.35,0.65,1.4003
0.69,0.01,-0.87898
0.2,0.3,1.1795
0.49,0.93,1.0508
0.9,0.62,0.047427
0.2,0.69,1.6254
0.18,0.23,1.1417
0.85,0.9,0.13472
0.15,0.28,0.98157
0.1,0.6,1.2331
0.78,0.04,-0.9085
0.1,0.66,1.1338
0.31,0.23,1.195
0.59,0.44,-0.02175
0.44,0.88,1.2487
0.07,0.81,1.2273
0.34,0.11,0.90851
0.88,0.22,-0.42665
0.81,0.99,0.058851
0.69,0.64,-0.2928
0.97,0.44,0.25188
0.67,0.43,-0.39242
0.7,0.93,-0.035135
0.37,0.62,1.3431
0.3,0.03,0.98889
0.18,0.49,1.4166
0.45,0.97,1.3276
0.49,0.13,0.12635
0.09,0.22,0.72137
0.67,0.31,-0.56253
0.98,0.4,0.31298
0.65,0.59,-0.20868
0.64,0.32,-0.43118
0.51,0.09,0.029959
0.63,0.57,-0.19795
0.17,0.65,1.5196
0.88,0.63,-0.042061
0.98,0.01,-0.23472
0.04,0.55,0.87014
0.55,0.43,0.10986
0.33,0.59,1.4271
0.41,0.09,0.62231
0.46,0.74,0.95145
0.05,0.56,0.8841
0.93,0.51,0.073932
0.69,0.52,-0.35713
0.14,0.94,1.7383
0.78,1,0.0056787
0.45,0.15,0.51236
0.3,0.97,1.9581
0.85,0.61,-0.23293
0.07,0.59,1.0434
0.71,0.42,-0.52542
0.65,0.36,-0.44591
0.56,0.5,0.10738
0.05,0.57,0.9292
0.13,0.23,1.0089
0.99,0.79,0.65857
0.89,0.06,-0.60419
0.16,0.45,1.3516
0.21,0.89,1.9428
0.47,0.1,0.31507
0.32,0.93,1.7549
0.66,0.75,-0.16985
0.23,0.89,1.8584
0.16,0.39,1.2724
0.07,0.3,0.75762
0.68,0.24,-0.65126
0.77,0.19,-0.83942
0.93,0.32,-0.02297
0.94,0.36,-0.017693
0.15,0.47,1.3107
0.97,0.27,0.14309
0.36,0.54,1.3303
0.46,0.09,0.43914
0.84,0.22,-0.58727
0.6,0.65,0.038855
0.64,0.05,-0.70131
0.61,0.28,-0.45777
0.09,0.23,0.80082
0.31,0.59,1.5386
0.18,0.27,1.1519
0.23,0.4,1.376
0.66,0.51,-0.34567
0.67,0.11,-0.71224
0.88,0.43,-0.25272
0.35,0.31,1.1133
0.52,0.98,0.84442
0.25,0.67,1.7318
0.03,0.1,0.22248
0.05,0.98,1.328
0.68,0.39,-0.45954
0.81,0.53,-0.36593
0.99,0.31,0.14376
0.44,0.19,0.54316
0.65,0.24,-0.48917
0.01,0.3,0.30395
0.5,0.02,0.10412
0.19,0.58,1.4332
0.62,0.3,-0.47026
0.47,0.44,0.63054
0.95,0.93,0.6057
0.51,0.22,0.21359
0.78,0.76,-0.19975
0.57,0.64,0.18386
0.49,0.32,0.35991
0.32,0.86,1.8001
0.83,0.01,-0.86233
0.04,0.32,0.59034
0.58,0.13,-0.42606
0.19,0.53,1.6044
0.01,0.98,1.1051
0.39,0.93,1.534
0.33,0.57,1.4621
0.81,0.86,-0.067509
0.95,0.4,0.051399
0.68,0.38,-0.51259
0.25,0.68,1.6624
0.02,0.55,0.82445
0.41,0.37,0.90877
0.98,0.14,-0.037431
0.11,0.13,0.80879
0.17,0.95,1.8429
0.4,0.7,1.2469
0.43,0.24,0.61735
0.39,0.89,1.5605
0.78,0.86,-0.023802
0.72,0.61,-0.42529
0.62,0.79,0.043193
0.5,0.26,0.21989
0,0.04,0.017097
0.31,0.31,1.2002
0.18,0.14,1.1603
0.81,0.89,-0.01882
0.54,0.21,-0.1206
0.85,0.51,-0.29232
0.23,0.59,1.5934
0.56,0.75,0.37945
0.84,0.45,-0.36239
0.63,0.8,0.096749
0.65,0.89,0.015894
0.72,0.77,-0.19611
0.11,0.57,1.2376
0.79,0.89,-0.022408
0.27,0.99,1.9818
0.69,0.59,-0.33306
0.12,0.82,1.5498
0.99,0.39,0.26014
0.13,0.73,1.5284
0.74,0.21,-0.68675
0.4,0.36,0.89512
0.21,0.04,0.928
0.29,0.29,1.2258
0.61,0.36,-0.3029
0.03,0.34,0.55903
0.99,0.43,0.43088
0.36,0.96,1.7534
0.51,0.95,0.84637
0.61,0.43,-0.21529
0.34,0.61,1.4737
0.05,0.39,0.65876
0.04,0.86,1.1218
0.26,0.1,1.0839
0.36,0.11,0.88289
0.98,0.32,0.21213
0.99,0.11,0.015846
0.13,0.28,1.0106
0.28,0.39,1.4045
0.64,0.46,-0.28266
0.27,0.96,1.8613
0.39,0.94,1.605
0.64,0.5,-0.26886
0.3,0.24,1.1681
0.58,0.04,-0.37605
0.31,0.99,1.8155
0.73,0.8,-0.26387
0.58,0.88,0.39937
0.75,0.52,-0.42633
0,0.65,0.64119
0.79,0.83,0.052599
0.28,0.33,1.2888
0.35,0.69,1.5012
0.63,0.12,-0.74167
0.49,0.45,0.44966
0.83,0.48,-0.40683
0.91,0.09,-0.46046
0.86,0.59,-0.13072
0.98,0.52,0.41514
0.04,0.1,0.30963
0.82,0.55,-0.34662
0.78,0.58,-0.34496
0.15,0.78,1.5696
0.43,0.04,0.52923
0.42,0,0.47227
0.76,0.83,-0.22585
0.33,0.94,1.844
0.29,0.99,1.9391
0.77,0.35,-0.70397
0.38,0,0.78865
0.02,0.9,0.99221
0.11,0.55,1.2112
0.26,0.26,1.2393
0.67,0.83,-0.076882
0.89,0.23,-0.35742
0.58,0.96,0.50683
0.64,0.78,0.037313
0.87,0.02,-0.70374
0.02,0.83,1.0389
0.15,0.11,0.94926
0.31,0.97,1.8957
0.75,0.8,-0.10842
0.55,0.6,0.25198
0,0.33,0.37666
0.83,0.45,-0.36697
0.37,0.46,1.1868
0.95,0.31,-0.0020622
0.17,0.78,1.7073
0.9,0.86,0.2598
0.72,0.92,-0.036748
0.71,0.2,-0.77851
0.98,0.37,0.21534
0.93,0.07,-0.41049
0.38,0.75,1.4546
0.76,0.71,-0.27065
0.27,0,0.93802
0.9,0.95,0.36007
0.3,0.4,1.245
0.28,0.57,1.5538
0.66,0.59,-0.31688
0.8,0.18,-0.90348
0.54,0.1,-0.073581
0.18,0.17,1.0609
0.07,0.66,1.0462
0.95,0.1,-0.17122
0.13,0.8,1.4578
0.48,0.05,0.24166
0.44,0.93,1.2795
0.84,0.16,-0.7273
0.54,0.15,-0.13452
0.93,0.29,-0.1255
0.22,0.95,1.9126
0.37,0.74,1.4303
0.81,0.97,0.11526
0.39,0.51,1.1916
0.85,0.16,-0.63829
0.16,0.27,1.1532
0.31,0.41,1.3633
0.89,0.33,-0.38531
0,0.69,0.82582
0.2,0.95,1.935
0.94,0.64,0.3385
0.03,0.8,0.93529
0.76,0.63,-0.2947
0.17,0.49,1.2704
0.36,0.32,1.114
0.01,0.91,1.0001
0.38,0.13,0.895
0.09,0.95,1.4012
0.21,0.25,1.372
0.57,0.52,0.080337
0.3,0.18,1.1429
0.81,0.92,-0.024258
0.98,0.13,0.013288
0.34,0.94,1.7603
0.9,0.94,0.3328
0.93,0.78,0.34889
0.59,0.28,-0.33601
0.04,0.62,0.86245
0.64,0.29,-0.46053
0.55,0.99,0.73077
0.54,0.6,0.31953
0.07,0.05,0.43136
0.7,0.22,-0.8624
0.53,0.44,0.37478
0.07,0.83,1.2178
0.96,0.61,0.27099
0.52,0.58,0.57539
0.05,0.04,0.33178
0.35,0.18,0.99337
0.39,0.26,0.94606
0.55,0.47,0.28629
0.47,0.28,0.54401
0.73,0.04,-0.98401
0.52,0.89,0.76963
0.79,0.57,-0.39448
0.82,0.07,-0.75867
0.75,0.7,-0.38183
0.53,0.53,0.27178
0.59,0.75,0.20887
0.36,0.37,1.1405
0.23,0.06,1.1294
0.35,0.01,0.92345
0.01,0.67,0.7039
0.12,0.7,1.294
0.32,0.41,1.424
0.68,0.45,-0.3954
0.9,0.77,0.20283
0.37,0.75,1.4991
0.71,0.68,-0.28705
0.57,0.24,-0.097928
0.91,0.81,0.329
0.56,0.04,-0.23298
0.45,0.82,1.1841
0,0.51,0.5972
0.97,0.63,0.35035
0.93,0.65,0.14676
0.68,0.13,-0.65144
0.34,0.42,1.1389
0.38,0.37,1.0544
0.32,0.38,1.2226
0.54,0.07,-0.2664
0.37,0.54,1.189
0.34,0.82,1.6375
0.93,0.68,0.24088
0.4,0.78,1.321
0.5,0.31,0.32999
0.52,0.1,0.024522
0.96,0.81,0.53425
0.84,0.69,-0.23953
0.76,0.96,-0.093316
0.6,0.77,0.14267
0.11,0.8,1.5379
0.34,0.86,1.6594
0.76,0.18,-0.72444
0.13,0.69,1.3421
0.76,0.3,-0.73106
0.57,0.68,0.27967
0.42,0.92,1.3827
0.18,0.63,1.4924
0,0.89,0.94584
0.61,0.01,-0.63266
0.13,0.46,1.2653
0.01,0.74,0.69435
0.08,0.81,1.3056
0.7,0.63,-0.36911
0.95,0.38,0.066836
0,0.48,0.40987
0.8,0.74,-0.26486
0.05,0.22,0.577
0.38,0.62,1.4104
0.26,1,1.9127
0.61,0.27,-0.36014
0.72,0.11,-0.88357
0.07,0.2,0.63363
0.94,0.2,-0.22723
0.57,0.16,-0.34199
0.78,0.71,-0.34434
0.92,0.97,0.49265
0.73,0.76,-0.23792
0.61,0.13,-0.54313
0.51,0.79,0.7341
0.97,0.74,0.65779
0,0.82,0.76746
0.98,0.56,0.47124
0.33,0.65,1.6393
0.91,0.88,0.31893
0.86,0.55,-0.22042
0.78,0.95,-0.08883
0.23,0.71,1.5964
0.82,0.26,-0.551
0.11,0.29,0.83526
0.51,0.18,0.07416
0.7,0.78,-0.21285
0.43,0.16,0.56013
0.98,0.6,0.41474
0.39,0.6,1.1581
0.89,0.3,-0.35036
0.85,0.84,0.073119
0.68,0.77,-0.19566
0.8,0.76,-0.19603
0.71,0.33,-0.61963
0.16,0.55,1.4849
0.96,0.97,0.79309
0.13,0.97,1.6898
0.03,0.11,0.29727
0.32,0.02,0.97052
0.62,0.66,-0.092226
0.71,0.99,-0.050542
0.76,0.62,-0.41912
0.66,0.88,0.060298
0.48,0.18,0.33888
0.34,0.45,1.3432
0.79,0.45,-0.54955
0.73,0.46,-0.53077
0.62,0.82,0.073766
0.44,0.81,1.1616
0.94,0.99,0.60499
0.3,0.9,1.9254
0.95,0.2,-0.19328
0.66,0.94,0.00057105
0.89,0.38,-0.24324
0.67,0.89,0.035758
0.6,0.88,0.26384
0.14,0.33,1.1313
0.37,0.61,1.3174
0.29,0.09,0.99868
0.76,0.94,0.021169
0.41,0.81,1.2673
0.94,0.87,0.5198
0.11,0.82,1.4423
0.3,0.37,1.3143
0.71,0.69,-0.36926
0.82,0.25,-0.61549
0.82,0.28,-0.5945
0.84,0.52,-0.3083
0.97,0.96,0.79269
0.9,0,-0.5964
0.94,0.7,0.2242
0.22,0.27,1.1881
0.14,0.63,1.3913
0.1,0.35,0.94704
0.2,0.26,1.2136
0.54,0.92,0.63059
0.26,0.66,1.6675
0.75,0.73,-0.2597
0.62,0.28,-0.36629
0.58,0.65,0.19848
0.04,0.31,0.49314
0.07,0.53,1.135
0.07,0.74,1.2045
0.66,0.26,-0.58784
0.85,0.37,-0.47449
0.38,0.42,0.9414
0.59,0.14,-0.40277
0.8,0.51,-0.46338
0.29,0.62,1.4888
0.14,0.4,1.171
0.89,0.08,-0.601
0.04,0.72,0.98189
0.5,0.96,0.95438
0.55,0.28,-0.0082954
0.43,0.09,0.52839
0.27,0.22,1.3047
0.92,0.17,-0.33812
0.46,0.02,0.19443
0.46,0.85,1.1003
0.39,0.48,1.0749
0.12,0.42,1.1583
0.57,0.7,0.12135
0.15,0.13,0.87938
0.8,0.65,-0.33941
0.74,0.99,-0.015439
1,0.77,0.72257
0.98,0.41,0.34982
0.82,0.75,-0.16242
0.27,0.33,1.2363
0.19,0.15,1.0483
0.87,0.79,0.043478
0.77,0.6,-0.40501
0.71,0.45,-0.49472
0.37,0.76,1.5271
0.45,0.94,1.2885
0.52,0.3,0.06054
0.64,1,0.14569
0.62,0.81,0.035172
0.47,0.78,0.92314
0.27,0.7,1.7779
0.23,0.98,1.9983
0.25,0.85,1.819
0.02,0.57,0.6333
0.6,0.3,-0.13165
0.56,0.25,-0.26546
0.67,0.04,-0.87103
0.53,0.35,0.19439
0.54,0.35,0.087496
0.65,0.53,-0.43687
0.22,0.43,1.4095
0.58,0.79,0.28529
0.97,0.81,0.55722
0.46,0.17,0.41961
0.26,0.65,1.5757
0.6,0.5,-0.12876
0.31,0.4,1.2939
0.38,0.5,1.2217
0.18,0.81,1.7969
0.98,0.43,0.27294
0.66,0.11,-0.72763
0.6,0.32,-0.25275
0.22,0.85,1.7919
0.33,0.76,1.5536
0.17,0.72,1.4851
0.12,0.37,1.0625
0.09,0.42,1.052
0.26,0.64,1.5987
0.35,0.9,1.6565
0.34,0.77,1.6492
0,0.72,0.68814
0.71,0.82,-0.21798
0.22,0.54,1.5406
0.38,0.45,1.1256
0.34,0.07,0.93003
0.87,1,0.3445
0.32,0.76,1.6205
0.53,0.15,-0.093101
0.47,0.46,0.5885
0.49,0.53,0.64359
0.39,0.88,1.5001
0.27,0.81,1.816
0.33,0.36,1.2741
0.36,0.69,1.4957
0.55,0.74,0.53823
0.13,0.98,1.7659
0.22,0.87,1.8718
1,0.61,0.64142
0.58,0.1,-0.32693
0.56,0.42,-0.010526
0.22,0.24,1.1519
0.95,0.97,0.66473
0.57,0.84,0.47687
0.94,0.61,0.2738
0.28,0.51,1.4713
0.65,0.15,-0.66733
0.82,0.85,0.011601
0.86,0.09,-0.59513
0,0.75,0.7409
0.4,0.32,0.82841
0.42,0.93,1.3226
0.1,0.99,1.6402
0.17,0.66,1.6176
0.58,0.37,-0.054537
0.73,0.66,-0.2891
0.52,0.31,0.14742
0.15,0.54,1.3717
0.16,0.68,1.5171
0.68,0.69,-0.26114
0.27,0.82,1.844
0.82,0.09,-0.88865
0.22,0.34,1.27
0.59,0.33,-0.2447
0.28,0.28,1.1693
0.94,0.38,0.029654
0.45,1,1.3398
0.89,0.96,0.36053
0.1,0.34,0.88665
0.5,0,-0.025064
0.86,0.26,-0.60197
0.31,0.25,1.1091
0.13,0.66,1.3241
0.1,0.31,0.90807
0.78,0.43,-0.56456
0.24,0.44,1.4927
0.59,0.43,-0.19044
0.15,0.62,1.4699
0.87,0.36,-0.41702
0.61,0.09,-0.59384
0.5,0.6,0.61086
0.3,0.83,1.8363
0.62,0.43,-0.43277
0.19,0.04,0.98291
0.43,0.38,0.76777
0.38,0.87,1.6362
0.19,0.18,1.2076
0.82,0.16,-0.66272
0.79,0.81,-0.065617
0.2,0.63,1.5832
0.97,0.36,0.17376
0.23,0.7,1.6569
0.56,0.15,-0.15941
0.82,0.74,-0.12165
0.05,0.31,0.60044
0.71,0.8,-0.19128
0.96,0.33,-0.0038857
0.42,0.81,1.3166
0.3,0.64,1.6195
0.72,0.56,-0.43468
0.02,0.78,0.87566
0.73,0.69,-0.17933
0.77,0.24,-0.7924
0.6,0.18,-0.44122
0.46,0.52,0.73326
0.94,0.46,0.060613
0.2,0.82,1.8137
0.04,0.98,1.2147
0.43,0.74,1.1371
0.83,0.55,-0.37952
0.06,0.18,0.47961
0.88,0.02,-0.76619
0.13,0.14,0.96002
0.03,0.81,0.98242
0.45,0.05,0.34772
0.4,0.77,1.2934
0.49,0.43,0.50802
0.36,0.3,1.1544
0.36,0.66,1.3652
0.26,0.32,1.2788
0.49,0.22,0.27181
0.73,0.07,-0.96326
0.14,0.87,1.5932
0.76,0.21,-0.76989
0.45,0.17,0.45962
0.57,0.48,0.0002133
1,0.07,0.072463
0.2,0.52,1.4712
0.06,0.81,1.107
0.02,0.63,0.85142
0.02,0.22,0.41024
0.98,0.98,0.90326
0.18,0.92,1.8214
0.68,0.16,-0.72008
0.99,0.42,0.35748
0.71,0.24,-0.69593
0.58,0.16,-0.32473
0.72,0,-0.94598
0.81,0.09,-0.88637
0.57,0.56,0.092779
0.57,0.47,0.02265
0.41,0.95,1.4645
0.64,0.99,0.14451
0.57,0.08,-0.4014
0.85,0.65,-0.10949
0.73,0.51,-0.48065
0.11,0.25,0.96578
0.79,0.97,0.083286
0.71,0.55,-0.39648
0.56,0.26,-0.12996
0.92,0.37,-0.19768
0.32,0.23,1.0491
0.45,0.87,1.2692
0.95,0.07,-0.32724
0.19,0.99,1.8776
0.65,0.66,-0.17874
0.26,0.72,1.7691
0.42,0.89,1.4875
0.82,0.96,0.090874
0.29,0.73,1.7089
0.4,0.8,1.4756
0.38,0.14,0.8856
0.43,0.13,0.6048
0.66,0.61,-0.29296
0.38,0.03,0.74458
0.05,0.86,1.2246
0.54,0.18,-0.19673
0.34,0.25,1.1556
0.35,0.22,1.0556
0.48,0.69,0.83382
0.3,0.06,1.0735
0.3,0.45,1.4208
0.77,0.97,0.016999
0.09,0.27,0.78323
0.85,0.83,-0.14312
0.54,0.25,-0.12196
0.85,0.22,-0.53359
0.88,0.55,-0.12447
0.16,0.72,1.6056
0.87,0.3,-0.38386
0.4,0.52,1.1252
0.23,0.5,1.4712
0.53,0.7,0.51838
0.15,0.29,1.0168
0.04,0.9,1.1638
0.89,0.66,-0.017785
0.46,0.83,1.1239
0.58,0.54,0.09677
0.81,0.2,-0.66314
0.87,0.54,-0.13509
0.79,0.2,-0.64723
0.38,0.56,1.3543
0.29,0.87,1.8075
0.85,0.99,0.16877
0.57,0.26,-0.18218
0.59,0.23,-0.4207
0.05,0.51,0.74737
0.93,0.87,0.39729
0.41,0.22,0.81343
0.04,1,1.1934
0.55,0.45,0.23319
0.46,0.4,0.69888
0.84,0.39,-0.45897
0.43,0.45,0.91225
0.87,0.04,-0.73349
0.31,0.38,1.3273
0,0.93,0.94529
0.84,0.29,-0.58398
0.47,0.64,0.82802
0.41,0.56,1.0558
0.17,0.47,1.3537
0.51,0.14,0.046108
0.18,0.85,1.7515
0.45,0.52,0.9227
0.14,0.92,1.7367
0.85,0.78,-0.0084484
0.01,0.25,0.35223
0.27,0.78,1.8701
0.22,0.2,1.1657
0.28,0.49,1.4309
0.87,0.17,-0.54001
0.51,0.16,0.021433
0.47,0.45,0.60984
0.26,0.05,1.1544
0.8,0.39,-0.55459
0.8,0.6,-0.3643
0.84,0.14,-0.75003
0.67,0.86,-0.00054828
0.51,0.11,0.142
0.74,0.42,-0.63714
0.94,0.17,-0.13698
0.34,0.33,1.1136
0.23,0.28,1.3176
0.22,0.83,1.8519
0.09,0.72,1.3718
0.77,0.11,-0.89883
0.88,0.39,-0.29047
0.47,0.88,1.1708
0.67,0.35,-0.48243
0,0.2,0.18098
0.86,0.85,0.0061697
0.75,0.5,-0.45945
0.46,0.98,1.2324
0.72,0.86,-0.10625
0.51,0.15,0.051679
0.45,0.21,0.56244
0.45,0.48,0.83394
0.34,0.46,1.2952
0.91,0.1,-0.50714
0.1,0.97,1.5435
0.04,0.15,0.3735
0.47,0.34,0.5722
0.84,0.11,-0.62836
0.68,0.22,-0.75241
0.18,0.61,1.4773
0.18,0.36,1.2479
0.74,0.09,-0.96918
0.05,0.38,0.66662
0.49,0.57,0.66989
0.87,0.98,0.11467
0.82,0.29,-0.65648
0.05,0.07,0.29042
0.44,0.92,1.2357
0.44,0.45,0.85939
0.98,0.46,0.38782
0.73,0.74,-0.27768
0,0.05,0.026101
0.12,0.49,1.1877
0.63,0.81,0.060178
0.52,0.94,0.77328
0.88,0.21,-0.51594
0.05,0.05,0.33282
0.2,0.83,1.7357
0.15,0.36,1.1298
0.91,0.26,-0.348
0.99,0.67,0.52569
0.44,0.27,0.66315
0.26,0.73,1.716
0.54,0.62,0.39502
0.73,0.01,-0.97679
0.19,0.82,1.8057
0.22,0.69,1.6797
0.41,0.93,1.488
0.69,0.8,-0.13194
0.83,0.84,-0.091629
0.55,0.59,0.33308
0.55,0.68,0.39573
0.32,0.62,1.4457
0.18,0.05,0.83734
0.86,0.27,-0.43929
0.41,0.15,0.64421
0.57,0.29,-0.21056
0.73,0.96,-0.024316
0.04,0.11,0.37036
0.56,0.43,0.10551
0.14,0.76,1.5549
0.37,0.55,1.303
0.19,0.8,1.8293
0.53,0.38,0.29379
0.53,0.51,0.29869
0.74,0.61,-0.36259
0.18,0.37,1.164
0.42,0.77,1.2015
0.22,0.3,1.3623
0.4,0.11,0.75082
0.43,0.6,1.0271
0.2,0.04,0.97238
0.85,0.64,-0.26757
0.5,0.98,1.0363
0.83,0.49,-0.44285
0.77,0.34,-0.57353
0.89,0.09,-0.50072
0.37,0.49,1.1978
0.43,0.4,0.96314
0.88,0.99,0.34865
0.66,0.7,-0.041872
0.85,0.39,-0.53546
0.1,0.44,1.094
0.55,0.61,0.37552
0.78,0.69,-0.32411
0.76,0.42,-0.50203
0.62,0.86,0.23028
0.81,0.45,-0.52105
0.56,0.54,0.21165
0.55,0.85,0.49655
0.88,0.09,-0.54952
0.75,0.04,-0.99739
0.21,0.79,1.7616
0.26,0.92,1.8524
0.07,0.44,0.88737
0.08,0.67,1.1916
0.15,0.23,0.94878
0.51,0.75,0.69116
0.73,0.6,-0.36765
0.86,0.77,-0.17271
0.2,0.32,1.2067
0.8,0.94,0.055611
0.91,0.45,0.00062085
0.06,0.61,0.95989
0.16,0.44,1.3096
0.59,0.63,0.063392
0.34,0.14,0.93468
0.74,0.95,-0.024532
0.53,1,0.70459
0.58,0.69,0.17926
0.42,0.36,0.88653
0.28,0.66,1.6822
0.37,0.2,0.95538
0.49,0.75,0.86731
0.74,0.37,-0.59946
0.42,0.27,0.76132
0.11,0.32,1.025
0.7,0.08,-0.83787
0.22,0.09,0.96673
0.76,0.68,-0.26547
0.7,0.38,-0.64596
0.89,0.51,-0.2434
0.64,0.26,-0.48289
0.67,0.18,-0.65591
0.65,1,0.21981
0,0.97,0.91273
0.5,0.38,0.40169
0.63,0.34,-0.48882
0.32,0.99,1.8953
0.42,0.79,1.2553
0.07,0.26,0.74842
0.9,0.64,0.048272
0.76,0.35,-0.64244
0.64,0.98,0.19823
0.49,0.64,0.81265
0.3,0.63,1.5768
0.72,0.38,-0.53573
0.87,0.9,0.31589
0.73,0.63,-0.34629
0.16,0.2,1.0164
0.2,0.06,0.94698
0.61,0.91,0.21625
0.38,0.86,1.5455
0.25,0.32,1.2084
0.66,0.29,-0.49687
0.62,0.95,0.33397
0.88,0.7,0.02622
0.2,0.93,1.8398
0.79,0.62,-0.32729
0.63,0.7,-0.096743
0.69,0.54,-0.43755
0.92,0.82,0.41003
0.85,0.52,-0.25864
0.55,0.89,0.65566
0.34,0.91,1.7636
0.68,0.15,-0.71074
0.99,0.32,0.30566
0.49,0.63,0.6867
0.46,0.58,0.74924
0.19,0.33,1.272
0.02,1,1.1764
0.57,0.58,0.16228
0.33,0.44,1.29
0.14,0.11,0.92708
0.62,0.9,0.17059
0.21,0.83,1.7733
0.71,0.14,-0.88666
0.32,0.77,1.6595
0.72,0.64,-0.3567
0.16,0.96,1.7937
0.24,0.02,0.95676
0.9,0.07,-0.55097
0.44,0.31,0.6962
0.46,0.19,0.39689
0.89,0.77,0.16106
0.11,0.03,0.75993
0.09,0.76,1.2543
0.3,0.27,1.1977
0.49,0.47,0.62931
0.03,0.5,0.72483
0.36,0.08,0.85726
0.72,0.54,-0.53741
0.38,0.27,0.87838
0.32,0.08,0.91203
0.59,0.1,-0.45158
0.58,0.07,-0.40294
0.98,0.25,0.094454
0.93,0.62,0.19991
0.52,0.47,0.26103
0.05,0.49,0.78524
0.78,0.83,-0.22604
0.67,0.69,-0.23332
0.26,0,0.95882
0.63,0.79,0.028699
0.12,0.1,0.77578
0.11,0.59,1.2961
0.54,0.87,0.55236
0.29,0.43,1.425
0.56,0.97,0.61759
0.48,0.09,0.23966
0.08,0.19,0.72989
0.78,0.09,-0.95853
0.53,0.63,0.40014
0.31,0.44,1.4256
0.54,0.26,-0.072073
0.87,0.42,-0.30462
0.2,0.53,1.4421
0.93,0.14,-0.22815
0.08,0.39,0.85429
0.48,0,0.13804
0.17,0.26,1.098
0.06,0.49,0.82962
0.57,0.85,0.41155
0.38,0.01,0.74577
0.31,0.46,1.3424
0.32,0.05,0.98123
0.69,0,-0.9171
0.63,0.09,-0.58813
0.51,0.71,0.60588
0.13,0.62,1.3337
0.58,0.98,0.59226
0.5,0.79,0.85532
0,0.67,0.72091
0.75,0.94,0.094975
0.39,0.03,0.54996
0.13,0.6,1.3646
0.66,0.97,0.10242
0.13,0.83,1.4613
0.85,0.73,-0.057434
0.63,0.17,-0.5878
0.66,0.69,-0.14175
0.37,0.97,1.707
0.33,0.42,1.3002
0.11,0.92,1.6399
0.91,0.61,-0.039447
0.59,0.09,-0.5053
0.03,0.2,0.44642
0.11,0.74,1.4207
0.03,0.96,1.2377
0.76,0.29,-0.78237
0.67,0.67,-0.26844
0.48,0.52,0.58584
0.59,0.69,0.20049
0.08,0.03,0.56883
0.26,0.19,1.2893
0.19,0.63,1.4599
0.24,0.18,1.1734
0.4,0.72,1.3033
0.68,0.88,0.043798
0.51,0.76,0.70565
0.5,0.54,0.74016
0.85,0.04,-0.77313
0.66,0.9,0.078573
0.62,0.19,-0.4367
0.76,0.37,-0.58385
0.3,0,0.96419
0.96,0.23,-0.036077
0.24,0.36,1.377
0.21,0.39,1.3782
0.41,0.19,0.75872
0.85,0.76,-0.096846
0.11,0,0.68906
0.79,0.61,-0.27947
0.85,0.06,-0.67744
0.2,0.57,1.5674
0.53,0.78,0.54946
0.28,0.11,1.118
0.8,0.75,-0.13156
0.36,0.73,1.5106
0.83,0.3,-0.51466
0.07,0.03,0.47373
0.74,0.67,-0.2942
0.78,0.93,-0.087369
0.58,0.73,0.15954
0.99,0.56,0.31589
0.58,0.6,0.0732
0.61,0.84,0.13904
0.21,0.08,0.95885
0,0.03,0.14277
1,0.27,0.34274
0.99,0.94,0.92733
0.98,0.87,0.6907
0.5,0.62,0.57387
0.12,0.15,0.84563
0.04,0.06,0.33228
0.18,0.46,1.3663
0.69,0.39,-0.4234
0.58,0.83,0.31784
0.08,0.48,0.89537
0.55,0.1,-0.22175
0.08,0.95,1.359
0.76,0.47,-0.5928
0.82,0.17,-0.76857
0.08,0.91,1.3073
0.92,0.53,0.057624
0.51,0.82,0.68691
0.89,0.35,-0.32145
0.01,0.95,0.93867
0.51,0.38,0.32593
0.35,0.99,1.7456
0.43,0.63,1.0501
0.61,0.37,-0.37312
0.86,0.7,-0.12133
0.81,0.43,-0.45069
0.44,0.42,0.85648
0,0.13,0.15398
0.23,0.17,1.1993
0.53,0.31,0.11264
0.84,0.31,-0.57926
0.96,0.73,0.50777
1,0.88,0.82926
0.19,0.32,1.3406
0.37,0.04,0.73039
0.13,0.38,1.059
0.05,0.36,0.66766
0.5,0.45,0.4451
0.11,0.62,1.2422
0.61,0.59,-0.018561
0.13,0.05,0.74326
0.99,0.49,0.36931
0.34,0.1,1.012
0.93,0.77,0.35203
0.87,0.8,0.105
0.71,0.9,-0.13739
0.66,0.44,-0.37514
0.79,0.49,-0.5142
0.95,0.66,0.35619
0.11,0.01,0.63735
0.1,0,0.58894
0.61,0.93,0.29921
0.47,0.26,0.43968
0.62,0.62,-0.14698
0.94,0.53,0.17486
0.78,0.67,-0.35857
0.31,0.92,1.88
0.07,0.39,0.90473
0.41,0.84,1.2941
0.97,0.52,0.26569
0.36,0.33,1.0982
0.52,0.61,0.49948
0.53,0.11,-0.15877
0,0.63,0.49143
0.37,0.15,0.80643
0.93,0.64,0.23213
0.39,0.35,1.0315
0.79,0.27,-0.59457
0.66,0.77,-0.10328
0.73,0.25,-0.67321
0.07,0.54,0.92326
0.32,1,1.9534
0.97,0.45,0.29627
0.21,0.51,1.4968
0,0.09,0.15521
0.9,0.92,0.26948
0.5,0.71,0.69042
0.19,0.17,1.0947
0.42,0.84,1.3829
0.49,0.68,0.73274
0.88,0.94,0.17318
0.46,0.11,0.28368
0.55,0.46,0.209
0.22,0.16,1.1783
0.43,0.84,1.297
0.14,0.66,1.3837
0.45,0.58,0.94823
0.5,0.33,0.33746
0.08,0.04,0.49744
0.06,0.36,0.78257
0.26,0.13,1.1171
0.61,0.16,-0.46292
0.89,0.1,-0.46781
0.2,0.2,1.1298
0.31,0.01,0.9644
0.82,0.46,-0.33032
0.03,0.23,0.40592
0.61,0.94,0.35545
0.45,0.37,0.60629
0.68,0.25,-0.68856
0.4,0.6,1.1874
0.59,0.17,-0.4541
0.13,0.67,1.348
0.94,0.4,-0.057381
0.47,0.74,0.91811
0.49,0.35,0.35024
0.2,0.27,1.358
0.51,0.33,0.32628
0.29,0.75,1.8899
0.85,0.15,-0.58996
0.23,0.01,0.94381
0.45,0.79,1.0898
0.25,0.78,1.7648
0.61,0.53,-0.23297
0.84,0.41,-0.35957
0.92,0.64,0.2624
0.33,0.4,1.3205
0.31,0.02,0.84749
0.84,0.62,-0.16798
0.98,0.34,0.20286
0.65,0.58,-0.20419
0.28,0.8,1.7626
0.92,0.78,0.22686
0.71,0.37,-0.5611
0.61,0.56,-0.068757
0.3,0.96,1.8534
0.36,0.52,1.2589
0.12,0.99,1.658
0.93,0.85,0.46951
0.62,0.44,-0.31182
0.2,0.47,1.3995
0.65,0.32,-0.39997
0.37,0.38,1.0411
0.29,0.13,1.126
0.19,0.47,1.4442
0.17,0.56,1.3925
0.46,0.5,0.72359
0.83,0.81,-0.11367
0.06,0.79,1.1345
0.08,0.86,1.3061
0.17,0.89,1.7705
0.18,0.75,1.6549
0.65,0.27,-0.5595
0.68,0.12,-0.69367
0.55,0.63,0.27945
0.64,0.54,-0.27935
0.4,0.55,1.1655
0.95,0.63,0.34765
0.6,0.87,0.24002
0.47,0.54,0.79178
0.33,0.23,1.0669
0.49,0.96,1.0749
0.67,0.56,-0.25275
1,0.03,-0.03156
0.04,0.74,1.011
0.21,0.45,1.4092
0.6,0.76,0.1361
1,0.35,0.3238
0.72,0.97,0.018534
0.9,0.36,-0.23852
0.21,0.01,0.99723
0.3,0.05,0.95085
0.13,0.31,1.0341
0.78,0.55,-0.42067
0.5,0.43,0.43626
0,0.8,0.75845
0.71,0.15,-0.88107
0.97,0.05,-0.062308
0.62,0.18,-0.52522
0.09,0.88,1.3711
0.67,0.26,-0.59498
0.88,0,-0.66994
0.56,0.63,0.31173
0.15,0.6,1.4596
0.63,0.15,-0.53775
0.36,0.38,1.108
0.22,0.05,1.0536
0.75,0.57,-0.45366
0.04,0.53,0.89989
0.7,0.55,-0.3557
0.31,0.45,1.4218
0.84,0.01,-0.76952
0.97,0.15,-0.12377
0.53,0.03,-0.20347
0.31,0.7,1.5973
0.83,0.02,-0.83803
0.89,0.43,-0.33686
0.41,0.64,1.172
0.57,0.77,0.39062
0.99,0.41,0.32447
0.85,0.7,-0.066159
0.95,0.65,0.28733
0.33,0.14,1.0364
0.2,0.22,1.1506
0.52,0.54,0.28623
0.88,0.87,0.22138
0.04,0.13,0.35264
0.65,0.09,-0.71069
0.71,0.85,-0.19004
0.88,0.08,-0.65173
0.54,0.65,0.43042
0.33,0.29,1.1193
0.31,0.29,1.1268
0.41,0.97,1.557
0.31,0.42,1.3567
0.23,0.15,1.2439
0.04,0.83,1.0157
0.91,0.52,-0.051403
0.91,0.73,0.22173
0.52,0.23,0.14511
0.82,0.56,-0.40212
0.49,0.51,0.59898
0.4,0.44,1.1203
0.76,0.99,-0.03624
0.38,0.78,1.4856
0.11,0.06,0.62196
0.01,0.21,0.30633
0.85,0.43,-0.43252
0.44,0.26,0.61428
0.42,0.95,1.51
0.35,0.74,1.6381
0.15,0.53,1.2478
1,0.9,0.92356
1,0,0.046323
0.3,0.73,1.7129
0.89,0.32,-0.29612
0.18,0.48,1.4932
0.27,0.54,1.5567
0.96,0.19,-0.12895
0.32,0.1,1.0765
0.21,0.21,1.2067
0.1,0.69,1.2818
0.92,0.26,-0.20877
0.84,0.37,-0.51468
0.36,0.92,1.6749
0.8,0.45,-0.47535
0.93,0.27,-0.22119
0.73,0.64,-0.39753
0.64,0.38,-0.30002
0.35,0.3,1.1702
0.59,0.64,0.15389
0.9,0.63,0.050047
0.85,0.4,-0.53903
0.13,0.77,1.4967
0.15,0.21,1.0076
0.39,0.61,1.1828
0.52,0.09,0.03989
0.6,0.13,-0.52064
0.09,0.3,0.82566
0.22,0.89,1.8181
0.59,0.92,0.43052
0.81,0.94,-0.02619
0.7,0.21,-0.82507
1,0.11,0.13079
0.15,0.9,1.6925
0.56,0.34,-0.071539
0.83,0.24,-0.57079
0.23,0.47,1.5231
0.57,0.46,0.064516
0.43,0.1,0.51637
0.62,0.17,-0.53601
0.08,0.41,0.92399
0.34,0.56,1.4721
0.06,0.05,0.44495
0.42,0.32,0.80534
0.79,0.58,-0.33817
0.93,0.46,0.11684
0.17,0.38,1.2811
0.19,0.42,1.4029
0.16,0.89,1.7237
0.27,0.14,1.1939
0.07,0.63,1.1023
0.71,0.13,-0.88419
0.48,0.58,0.71805
0.55,0.81,0.464
0.77,0.62,-0.35945
0.92,0.9,0.46333
0.38,0.72,1.4579
0.36,0.72,1.4511
0.7,0.69,-0.27629
0.39,0.13,0.70348
0.8,0.61,-0.28452
0.51,0.24,0.12296
0.2,0.92,1.8576
0.85,0.5,-0.31412
0.41,0.2,0.74585
0.87,0.26,-0.50125
0.19,0.1,0.99811
0.17,0.15,1.0904
0.95,0.76,0.34069
0.05,0.74,1.0892
0.99,0.35,0.28152
0.03,0.95,1.1726
0.96,0.62,0.36576
0.4,0.74,1.2832
0.04,0.71,0.89126
0.9,0.73,0.046207
1,0.06,0.045835
0.41,0.89,1.454
0.38,0.4,1.1309
0.78,0.11,-0.95947
0.71,0.67,-0.27105
0.37,0.26,0.90951
0.67,0.13,-0.79689
0.69,0.23,-0.71384
0.54,0.53,0.3734
0.47,0.11,0.32395
0.38,0.84,1.5631
0.14,0.86,1.6243
0.42,0.71,1.2088
0.18,0.87,1.6972
0.24,0.88,1.9208
0.7,0.87,-0.09124
0.4,0.69,1.2355
0.7,0.6,-0.34735
0.56,0.61,0.2327
0.1,0.37,1.049
0.49,0.1,0.20841
0.71,0.22,-0.73811
0.34,0.03,0.86194
0.2,0.67,1.6649
0.47,0.47,0.75369
0.23,0.96,1.8874
0.3,0.62,1.6066
0.91,0.35,-0.21315
0.51,0.19,0.088851
0.72,0.75,-0.26464
0.23,0.13,1.147
0.11,0.93,1.6131
0.49,0.5,0.58339
0.42,0.69,1.193
0.16,0.73,1.5732
0.54,0.56,0.35451
0.57,0.33,-0.1227
0,0.42,0.38861
0.93,0.9,0.46746
0.63,0.83,0.07509
0.07,0.56,1.0128
0.81,0.16,-0.79626
0.86,0.25,-0.57066
0.12,0.11,0.76037
0.56,0.71,0.3166
0.52,0.29,0.2643
0.64,0.65,-0.22235
0.28,0.68,1.6282
0.24,0.96,1.9515
0.92,0.19,-0.27738
0.97,0.06,-0.11536
0.1,0.78,1.3654
0.42,0.05,0.55641
0.99,0.68,0.69404
0.87,0.87,0.2377
0.48,0.8,0.93639
0.44,0.05,0.34634
0.48,0.86,0.95312
0.02,0.03,0.2124
0.54,0.24,-0.028142
0.83,0.17,-0.58307
0.33,0.47,1.372
0.3,0.89,1.8986
0.77,0.4,-0.62922
0.28,0.52,1.4721
0.27,0.52,1.5087
0.69,0.26,-0.71269
0.58,0.52,-0.025018
0,0.44,0.40802
0.78,0.48,-0.58057
0.75,0.79,-0.16272
0.93,0.74,0.29064
0.32,0.48,1.3655
0.71,0.41,-0.57591
0.05,0.12,0.52384
0.46,0.72,0.90828
0.05,0.54,0.84833
0.22,0.76,1.78
0.88,0.48,-0.2074
0.74,0,-0.95495
0.16,0.24,1.0951
0.74,0.14,-0.82279
0.52,0.5,0.38176
0.98,0.82,0.69434
0.75,0.89,-0.1115
0.94,0.42,0.037178
0.76,0.51,-0.52735
0.84,0.17,-0.62993
0.83,0.51,-0.28735
0.69,0.71,-0.20308
0.14,0.17,0.95084
0.57,0.79,0.36475
0.5,0.47,0.49341
0.61,0.44,-0.28388
0.7,0.33,-0.63916
0.15,0,0.72423
0.85,0.13,-0.78349
0.87,0.05,-0.65948
0.78,0.94,-0.1254
0.09,0.77,1.2714
0.97,0.84,0.65292
0.32,0.17,1.0514
0.49,0.73,0.83572
0.31,0.37,1.3838
0.45,0.62,0.89429
0.72,0.7,-0.30728
0.91,0,-0.52629
0.18,0.12,1.0689
0.75,0.1,-0.92581
0.64,0.7,-0.10307
0.51,0.9,0.95875
0.15,0.04,0.92002
0.72,0.6,-0.21469
0.19,0.11,1.1137
0.16,0.06,1.0231
0.95,0.62,0.24635
0.4,0.89,1.4333
0.18,0.44,1.2964
0.88,0.73,0.04878
0.56,0.19,-0.15348
0.32,0.54,1.4507
0.92,0.89,0.44121
0.78,0.34,-0.65151
0.32,0.88,1.8617
0.13,0.17,0.97057
0.39,0.84,1.4566
0.21,0.42,1.5238
0.88,0.77,0.060924
0.22,0.88,1.8499
0.67,0.28,-0.57032
0.82,0.42,-0.49956
0.67,0.87,-0.0073988
0.46,0.01,0.30853
0.34,0.76,1.5868
0.1,0.94,1.5161
0.28,0.55,1.5357
0.88,0.07,-0.49878
0.07,0.67,1.1567
0.47,0.81,1.027
0.55,0.73,0.36745
0.97,0.61,0.44656
0.76,0.33,-0.70137
0.06,0.23,0.63922
0.14,0.21,0.98151
0.07,0.08,0.57922
0.54,0.41,0.21793
0.36,0.53,1.2759
0.44,0.25,0.65076
0.42,0.97,1.4479
0.16,0.61,1.4049
0.4,0.26,0.8681
0.33,0.49,1.3147
0.83,0.93,-0.049118
0.15,0.76,1.6727
0.44,0.97,1.3643
0.52,0.02,-0.13568
0.63,0.44,-0.27592
0.95,0.29,-0.039867
0.96,0.47,0.19969
0.83,0.47,-0.435
0.35,0.04,0.80561
0.14,0.59,1.3887
0.45,0.84,1.2686
0.27,0.26,1.3102
0.61,0.68,-0.0070608
0.06,0.57,0.9489
0.1,0.93,1.4423
0.15,0.8,1.5368
0.44,0.57,0.95725
0.81,0.31,-0.55819
0.77,0.28,-0.74596
0.8,0.56,-0.41771
0.09,0.53,1.1878
0.44,0.1,0.45609
0.93,0.3,-0.063183
0.79,0.82,-0.15177
0.78,0.38,-0.67374
0.97,0.33,0.16091
0.4,0.71,1.2909
0.8,0.48,-0.45
0.41,0.32,0.78842
0.6,0.19,-0.46049
0.18,0,0.89532
0.67,0.63,-0.24898
0.51,0,-0.093773
0.4,0.15,0.77633
0.5,0.09,0.099685
0.62,0.94,0.16013
0.48,0.12,0.30369
0.98,0.15,0.097324
0.56,0.41,0.12884
0.77,0.59,-0.40038
0.46,0.99,1.293
0.31,0.76,1.7728
0.9,0.25,-0.33887
0.68,0.06,-0.88429
0.55,0.66,0.30604
0.64,0.59,-0.14943
0.81,0.5,-0.41483
0.95,0.89,0.66138
0.99,0.45,0.46604
0.83,0.44,-0.395
0.77,0.76,-0.21152
0.7,0.14,-0.82262
0.34,0.85,1.6794
0.08,0.93,1.3214
0.81,0.56,-0.38673
0.73,0.52,-0.39257
0.88,0.32,-0.3491
0.89,0.73,0.12183
0.08,0.21,0.71382
0.24,0.89,1.9569
0.92,0.95,0.46379
0.31,0.39,1.3595
0.17,0.37,1.1878
0.61,0.73,0.12005
0.65,0.63,-0.30355
0.29,0.44,1.4703
0.86,0.52,-0.22642
0.42,0.02,0.42806
0.48,0.25,0.38603
0.2,0.15,1.193
0.62,0.46,-0.21585
0.2,0.25,1.0792
0.28,0.06,1.0756
0.34,0.28,1.1615
0.84,0.96,0.033293
0.2,0.11,1.0613
0.39,0.1,0.65207
0.98,0.31,0.15143
0.21,0.52,1.4971
0.66,0.63,-0.24798
0.62,0.05,-0.62479
0.98,0.81,0.70658
0.39,0.24,0.81976
0.94,0.92,0.56327
0.42,0.29,0.80932
0.5,0.2,0.15458
0.79,0.94,-0.031899
0.16,0.87,1.8028
0.08,0.9,1.4319
0.78,0.31,-0.59685
0.35,0.6,1.4493
0.6,0.56,-0.019573
0.66,0.39,-0.49909
0.01,0.07,0.10414
0.5,0.35,0.47472
0.3,0.79,1.8108
0.42,0.16,0.68706
0.84,0.88,-0.039031
0.5,0.36,0.34495
0.8,0.99,-0.060672
0.67,0.9,0.06671
0.02,0.45,0.60083
0.49,0,0.13452
0.95,0.19,-0.13791
0.44,0.71,1.0608
0.51,0.67,0.64118
0.13,0.19,0.95899
0.84,0.76,-0.20311
0.59,0.29,-0.25641
0.62,1,0.16088
0.58,0.32,-0.15161
0.8,0.44,-0.53756
0.34,0.27,1.0982
0.95,0.42,0.12953
0.94,0.13,-0.12966
0.54,0.77,0.47267
0.4,0.4,0.95854
0.37,0.73,1.4063
0.17,0.21,1.1075
0.32,0.01,0.96403
0.88,0.75,-0.031167
0.44,0.9,1.2786
0.67,0.5,-0.39654
0.08,0.34,0.70237
0.1,0.5,1.0919
0.4,0.45,1.1804
0.13,0.91,1.5876
0.3,0.53,1.44
0.64,0.3,-0.40644
0.53,0.33,0.18881
0.6,0.83,0.19598
0.47,0.24,0.45796
0.57,0.71,0.3346
0.14,0.03,0.75136
0.8,0,-0.96626
0.16,0.63,1.5777
0.76,0.1,-0.90082
0.71,0.52,-0.5633
0.13,0.21,1.0464
0.93,0.09,-0.33939
0.72,0.79,-0.28235
0.63,0.36,-0.39621
0.51,0.65,0.5385
0.89,0.89,0.27004
0.84,0.58,-0.25912
0.12,0.91,1.5777
0.85,0.17,-0.64061
0.91,0.44,-0.076302
0.22,0.62,1.6477
0.12,0.12,0.7077
0.81,0.25,-0.80191
0.32,0.87,1.7629
0.32,0.74,1.621
0.9,0.67,-0.0046027
0.37,0.5,1.1986
0.01,0.92,1.0396
0.42,0.73,1.2375
0.16,0.08,0.9976
0.54,0.36,0.16208
0.58,0.41,-0.117
0.3,0.5,1.462
0.73,0.82,-0.18476
0.85,0.63,-0.18172
0.35,0.02,0.79509
0.33,0.88,1.7022
0.21,0.73,1.7394
0.38,0.39,1.0254
0.37,0.64,1.393
0.65,0.21,-0.61605
0.95,0.94,0.62208
0.31,0.21,1.1465
0.83,0.56,-0.39377
0.01,0.55,0.59545
0.06,0.39,0.76803
0.47,0.23,0.28201
0.06,0.55,0.88535
0.45,0.39,0.80073
0.74,0.49,-0.43662
0.43,0.12,0.56453
0.63,0.39,-0.338
0.99,1,0.91337
0.78,0.61,-0.4388
0.87,0.99,0.27086
0.21,0.59,1.5243
0.34,0.36,1.2263
0.16,0.75,1.5787
0.35,0.52,1.2985
0.68,0.6,-0.28999
0.04,0.76,1.0204
0.83,0.79,-0.19449
0.73,0.99,-0.031984
0.95,0.28,-0.036717
0.8,0.87,0.0060803
0.55,0.07,-0.24806
0.63,0.51,-0.24387
0.81,0.44,-0.50047
0.42,0.64,1.1075
0.25,0.06,1.1133
0.38,0.18,0.7824
0.95,0.08,-0.18133
0.92,0.86,0.31316
0.02,0.85,0.86441
0.32,0.44,1.2356
0.06,0.08,0.43633
0.45,0.74,1.1012
0.32,0.6,1.5603
0.19,0.62,1.6851
0.55,0.98,0.62954
0.35,0.63,1.4944
0.45,0,0.32184
0.91,0.66,0.19601
0.82,0.19,-0.80071
0.46,0.08,0.25358
0.82,0.23,-0.68775
0.63,0.61,-0.19227
0.93,0.57,0.10941
0.84,0.5,-0.4366
0.54,0.85,0.5676
0.06,0.43,0.77313
0.81,0.04,-0.94993
0.26,0.62,1.6062
0.98,0.59,0.45281
0.33,0.58,1.4228
0.55,0.02,-0.25924
0.54,0.67,0.3805
0.13,0.85,1.4868
0.24,0.63,1.7594
0.74,0.8,-0.22275
0.53,0.74,0.48452
0.44,0.65,1.0152
0.28,0.97,1.9436
0.85,0.31,-0.48815
0.66,0.56,-0.29287
0.22,0.73,1.7358
0.61,0.46,-0.10621
0.01,0.48,0.49953
0.11,0.95,1.7573
1,0.6,0.4904
0.68,0.71,-0.21096
0.16,0.09,0.91342
0.93,0.86,0.41205
0.03,0.45,0.68192
0.64,0.83,0.067777
0.47,0.13,0.35909
0.9,0.35,-0.23273
0.55,0.97,0.67444
0.5,0.52,0.48998
0.03,0.19,0.44576
0.31,0.54,1.507
0,0.17,0.16338
0.83,1,0.16655
1,0.57,0.57057
0.61,0.66,-0.026435
0.77,0.63,-0.33172
0.62,0.06,-0.6436
0.32,0.12,0.98322
0.57,0.05,-0.29129
0.62,0.39,-0.3558
0.49,0.16,0.19729
0.03,0.22,0.39396
0.83,0.9,0.001903
0.55,0.39,0.016435
0.01,0.38,0.50149
0.5,0.82,0.76217
0.72,0.48,-0.45813
0.8,0.07,-0.86263
0.41,0.72,1.2893
0.24,0.24,1.2326
0.79,0.7,-0.26271
0.36,0.15,0.98097
0.5,0.41,0.39325
0.59,0.19,-0.32267
0.28,0.09,1.1647
0.89,0.92,0.2394
0.72,0.94,-0.071465
0.1,0.67,1.2024
0.49,0.58,0.64958
0.14,1,1.7365
0.57,0.99,0.48435
0.42,0.82,1.4109
0.2,0.42,1.4276
0.89,0.81,0.15473
0.76,0.44,-0.62757
0.6,0.99,0.37731
0.47,0.99,1.2156
0.96,0.18,-0.010278
0.88,0.88,0.23506
0.93,0.42,0.005169
0.28,0.22,1.3063
0.31,0.43,1.3959
0.59,0.11,-0.28733
0.06,0.09,0.42759
0.16,0.95,1.7168
0.31,0.5,1.4732
0.57,0.25,-0.15074
0.43,0.43,0.85843
0.59,0.82,0.30855
0.72,0.23,-0.74561
0.74,0.24,-0.77463
0.01,0.11,0.13316
0.73,0.34,-0.68838
0.16,0.1,1.0123
0.55,0.65,0.24086
0.98,0.11,-0.042528
0.06,0.01,0.5094
0.24,0.58,1.6067
0.79,0.88,-0.086715
0.33,0.48,1.4104
0.31,0.56,1.5236
0.34,0.63,1.4853
0.67,0.65,-0.22464
0.8,0.2,-0.79782
0.88,0.44,-0.1145
0.04,0.47,0.71742
0.7,0.45,-0.48235
0.28,0.34,1.3757
0.62,0.4,-0.32785
0.46,0.53,0.75758
0.75,0.78,-0.17299
0.74,0.76,-0.27673
0.06,0.24,0.58579
0.75,0.63,-0.33263
0.42,0.46,0.84569
0.95,0.01,-0.26007
0.55,0.71,0.46154
0.87,0.41,-0.31298
0.92,0.5,-0.031784
0.73,0.09,-0.93268
0.7,0.37,-0.52874
0.2,0.72,1.6683
0.33,0.12,0.9872
0.3,0.34,1.2684
0.98,1,0.90986
0.12,1,1.678
0.16,0.5,1.2827
0.61,0.41,-0.16757
0.84,0.71,-0.15976
0.57,0.12,-0.30087
0.85,0.1,-0.78181
0.9,0.9,0.25678
0.71,0.92,-0.045327
0.49,0.67,0.73593
0.71,0.3,-0.67284
0.36,0.47,1.3206
0.63,0.6,-0.099974
0.47,0.85,1.0335
0.42,0.39,0.82188
0.92,0.2,-0.21157
0.34,0.92,1.764
0.26,0.58,1.6418
0.07,0.11,0.5387
0.67,0.99,0.23681
0.29,0.26,1.2501
1,0.62,0.60448
0.78,0.27,-0.69566
0.64,0.95,0.10343
0.16,0.29,1.1329
0.06,0.65,0.9676
0.09,0.37,0.8414
0.12,0.23,0.82619
0.84,0.73,-0.060378
0.96,0.8,0.56426
0.02,0.14,0.27557
0.4,0.76,1.385
0.76,0.32,-0.64079
0.61,0.47,-0.16957
0.75,0.92,-0.10513
0.03,0.89,1.0761
0.62,0.01,-0.6443
0.74,0.72,-0.31472
0.31,0.04,0.93504
0.89,0.12,-0.55227
0.94,0.79,0.44939
0.2,0.48,1.5464
0.56,0.29,-0.061673
0.92,0.01,-0.48783
0.85,0.46,-0.34757
0.12,0.13,0.82057
0.83,0.4,-0.4749
0.16,0.4,1.2554
0.76,0.64,-0.31371
0.6,0.55,-0.074742
0.8,0.25,-0.70232
0.75,0.34,-0.71328
0.34,0.67,1.5693
0.58,0.74,0.32337
0.99,0.65,0.62447
0.95,0.91,0.63419
0.25,0.7,1.6729
0.17,0.96,1.8556
0.15,0.24,1.0437
0.69,0.24,-0.64766
0.54,0.33,0.083252
0.92,0.07,-0.51017
0.65,0.61,-0.18735
0.1,0.7,1.3039
0.56,0.8,0.3789
0.12,0,0.65062
0.29,0.95,1.8962
0.51,0.26,0.26219
0.87,0.83,0.18935
0.87,0.62,-0.15431
0.12,0.06,0.64939
0.66,0.49,-0.41673
0.21,0.77,1.7711
0.41,0.76,1.2821
0.59,0.12,-0.48597
0.76,0.28,-0.66743
0.18,0.69,1.6827
0.98,0.8,0.70937
0.74,0.39,-0.6268
0.55,0.42,0.11499
0.6,0.17,-0.43223
0.53,0.68,0.49064
0.74,0.77,-0.39029
0.74,0.51,-0.46968
0.6,0.94,0.34545
0.06,0.78,1.1836
0.28,0.7,1.7036
0.49,0.94,0.99491
0.05,0.06,0.35612
0.64,0.13,-0.68208
0.65,0.87,0.066008
0.35,0.98,1.8485
0.41,0.36,0.88473
0.52,0.72,0.5763
0.62,0.78,0.061446
0.23,1,1.9734
0.8,0.96,0.073646
0.14,0.9,1.6974
0.49,0.55,0.58622
0.28,0.73,1.7206
0.83,0.37,-0.51141
0.17,0.12,1.0458
0.68,0.96,0.15543
0.9,0.26,-0.47631
0.23,0.83,1.7765
0.97,0.14,-0.049275
0.49,0.97,1.1076
0.25,0.69,1.6366
1,0.05,0.054374
0.18,0.01,0.92427
0.03,0.03,0.27226
0.68,0.26,-0.67654
0.22,0.07,0.9536
0.07,0.29,0.85054
0.16,0.79,1.6597
0.02,0.42,0.48449
0.13,0.3,1.0175
0.56,0.59,0.19599
0.85,0.87,0.028808
0.59,0.95,0.35294
0.24,0.99,2.0472
0.62,0.21,-0.48386
0.26,0.16,1.1911
0.61,0.2,-0.43874
0.44,0.76,1.1024
0.8,0.62,-0.29355
0.14,0.1,0.92352
0.9,0.65,0.038675
0.01,0.14,0.17568
0.88,0.67,0.017074
0.87,0.78,0.10258
0.71,0.03,-1.0207
0.99,0.17,0.024687
0.52,0.92,0.84542
0.69,0.35,-0.62585
0.31,0.98,1.9388
0.25,0.99,1.9973
0.96,0.22,-0.022378
0.48,0.24,0.28872
0.1,0.38,0.97132
0.7,0.1,-0.81958
0.69,0.94,-0.10581
0.63,0.04,-0.78246
0.95,0.72,0.41694
0.16,0.71,1.5146
0.29,0.55,1.5421
0.71,0.43,-0.65364
0.64,0,-0.76714
0.7,0.77,-0.19805
0.98,0.53,0.44999
0.22,0.5,1.5216
0.04,0.84,1.1095
0.63,0.5,-0.19582
0.27,0.79,1.855
0.28,0.88,1.8739
0.8,0.67,-0.20713
0,0.74,0.80307
0.71,0.09,-0.8864
0.87,0.82,0.13476
0.79,0.65,-0.20147
0.76,0.22,-0.81068
0.14,0.62,1.3883
0.06,0.8,1.1905
0.65,0.14,-0.68029
0.94,0.85,0.55144
0.62,0.61,-0.13852
0.8,0.59,-0.3557
0.43,0.14,0.53039
0.59,0.35,-0.16163
0.3,0.04,1.0253
0.63,0.76,0.070027
0.24,0.98,2.0795
0.14,0.27,1.0678
0.19,0.38,1.3066
0.23,0.19,1.2438
0.74,0.41,-0.60588
0.81,0.93,-0.012669
0.8,0.34,-0.61741
0.01,0.02,0.074988
0.56,0.52,0.15126
0,0.84,0.81516
0.46,0.22,0.33809
0.69,0.85,-0.098595
0.65,0.35,-0.51827
0.43,0.32,0.75618
0.51,0.97,0.90675
0.95,0.74,0.50133
0.44,0.58,0.92885
0.17,0.93,1.7608
0.52,0.69,0.61284
0.13,0.12,0.72209
0.67,0.51,-0.35653
0.44,0.68,1.086
0.83,0.59,-0.21871
0.51,0.23,0.18562
0.08,0.92,1.3229
0.59,0.34,-0.21108
0.89,0.6,-0.11604
0.03,0.64,0.77517
0.48,0.82,0.97098
0.51,0.43,0.2945
0.95,0.87,0.53481
0.94,0.81,0.39092
0.98,0.5,0.41829
0.48,0.5,0.73075
0.7,0.91,-0.063616
0.43,0.51,0.9908
0.76,0.97,-0.052689
0.79,0.13,-0.72296
0.32,0.22,1.1999
0.22,0.46,1.4391
0.25,0.75,1.6566
0.23,0.11,1.1464
0.76,0.84,-0.12106
0.22,0.31,1.4391
0.16,0.78,1.5789
0.37,0.31,0.99324
0.71,0.89,-0.09034
0.02,0.52,0.55437
0.94,0.15,-0.21901
0.59,0.47,-0.09311
0.54,0.99,0.68913
0.08,0.51,1.0071
0.85,0.26,-0.5232
0.89,1,0.38195
0.99,0.93,0.88323
0.72,0.14,-0.82689
0.19,0.09,1.0267
0.96,0.56,0.17608
0.8,0.93,-0.079293
0.97,0.28,0.074207
0.38,0.91,1.5652
0.81,1,0.046483
0.73,0.36,-0.63632
0.39,0.05,0.60994
0.25,0.04,1.0626
0.12,0.9,1.6056
0.98,0.9,0.79635
0.64,0.81,-0.0056518
0.04,0.7,0.90364
0.6,0.43,-0.19616
0.39,0.04,0.66342
0.8,0.02,-0.98882
0.49,0.29,0.28956
0.2,0.24,1.138
0.13,0.96,1.6571
0.62,0.41,-0.37908
0.41,0.7,1.2039
0.04,0.95,1.1828
0.89,0.39,-0.16207
0.71,0.4,-0.54046
0.42,0.07,0.65532
0.41,0.43,0.97737
0.38,0.99,1.6699
0.21,1,1.9752
0,0.58,0.55809
0.74,0.22,-0.74977
0.22,0.53,1.4876
0.92,0.02,-0.52264
0.05,0.24,0.52526
0.33,0.03,0.94311
0.55,0.8,0.50986
0.2,0.56,1.572
0.57,0.2,-0.19969
0.93,0.01,-0.37853
0.27,0.15,1.1068
0.63,0.31,-0.38239
0.96,0.3,0.051154
0.67,0.34,-0.55285
0.83,0.78,-0.026487
0.94,0,-0.34893
0.17,0.41,1.3147
0.75,0.62,-0.40633
0.5,0.75,0.8146
0.61,0.72,0.038792
0.44,0.62,1.0179
0.5,0.28,0.24795
0.65,0.25,-0.52195
0.94,0.04,-0.24385
0.7,1,-0.11952
0.38,0.52,1.2758
0.06,0.68,1.0504
0.93,0.36,-0.03359
0.05,0.88,1.1699
0.88,0.78,0.17594
0.02,0.48,0.62886
0.1,0.24,0.74272
0.67,0.03,-0.72128
0.1,0.96,1.5771
0.09,0.71,1.2052
0.64,0.39,-0.40389
0.27,0.17,1.1866
0.09,0.41,0.89095
0.52,0.91,0.88755
0.85,0.95,-0.023268
0.33,0.62,1.5622
0.1,0.95,1.6072
0.79,0.77,-0.11939
0.12,0.98,1.6477
0.92,0.58,0.12482
0.96,0.13,-0.095282
0.06,0.88,1.3451
0.18,0.31,1.1329
0.24,0.67,1.6513
0.57,0.89,0.40742
0.76,0.43,-0.60137
0.93,0.93,0.4789
0.19,0.91,1.8312
0.28,0.04,1.02
0.4,0.68,1.2621
0.89,0.07,-0.67596
0.55,0.48,0.17965
0.55,0.3,0.092774
0.26,0.59,1.6332
0.77,0.53,-0.51425
0.4,0.61,1.113
0.9,0.45,-0.076629
0.97,0.22,-0.0080629
0.33,0.98,1.8212
0.52,0.32,0.11704
0.62,0.84,0.14563
0.14,0.84,1.6115
0.16,0.35,1.2123
1,0.68,0.6854
0.7,0.95,0.034187
0.99,0.69,0.53586
0.18,0.51,1.4366
0.43,0.06,0.47035
0.55,0.33,-0.00044298
0.3,0.88,1.8474
0.09,0.11,0.59205
0.19,0.54,1.489
0.13,0.86,1.5947
0.15,0.07,0.93434
0.19,0.24,1.0631
0.64,0.91,0.14141
0.57,0.6,0.11523
0.12,0.18,0.83667
0,0.62,0.65866
0.59,0.88,0.32996
0.44,0.89,1.2297
0.96,0.83,0.59097
0.3,0.07,0.98736
0.94,0.21,-0.15588
0.39,0.4,0.99167
0.57,0.98,0.54947
0.06,0.99,1.2606
0.44,0.69,1.1193
0.52,0.06,-0.06868
0.24,0.07,1.0864
0.32,0.19,1.082
0.16,0,0.83401
0.81,0.29,-0.57488
0.16,0.8,1.5896
0.36,0.01,0.74388
0.37,0.99,1.732
0.85,0.92,0.15763
0.58,0.38,-0.15524
0.38,0.26,0.99678
0.5,0.17,0.063858
0.48,0.31,0.40354
0.63,0.3,-0.29813
0.52,0.38,0.29921
0.15,0.74,1.5138
0.73,0.21,-0.80832
0.78,0.54,-0.38402
1,0.39,0.41089
0.65,0.73,-0.0716
0.35,0.54,1.3805
0.32,0.95,1.7481
0.58,0.36,-0.032969
0.82,0.5,-0.42006
0.21,0.76,1.7075
0.44,0.5,0.89162
0.34,0.3,1.2375
0.62,0.85,0.16597
0.58,0.02,-0.51426
0.66,0,-0.83824
0.25,0.98,1.9402
0.56,0.2,-0.20359
0.47,0.97,1.0998
0.23,0.08,1.1106
0.58,0.7,0.17509
0.62,0.76,0.040132
0.68,0.8,-0.12789
0.51,0.77,0.73059
0.67,0.8,-0.20891
0.33,0.97,1.8411
0.51,0.1,0.041008
0.9,0.49,-0.10144
0.92,1,0.53936
0.06,0.76,1.2192
0.58,0.8,0.37425
0.9,0.42,-0.16036
0.98,0.62,0.58874
0.68,0.31,-0.7001
0.81,0.69,-0.19115
0.94,0.32,0.0071542
0.38,0.11,0.75555
0.1,0.36,0.94124
0.74,0.01,-0.98135
0.97,0.39,0.18349
0.66,0.45,-0.29201
0.69,0.76,-0.13584
0.79,0.92,0.028818
0.78,0.82,-0.19874
0.91,0.27,-0.17904
0.62,0.16,-0.52981
0.98,0.21,0.052264
0.74,0.58,-0.39256
0.41,0.08,0.53824
0.09,0.85,1.4207
0.1,0.22,0.87823
0.54,0.52,0.28225
0.46,0.61,0.83728
0.63,0.42,-0.27842
0.81,0.55,-0.25511
0.83,0.29,-0.5672
0.04,0.38,0.68128
0.84,0.04,-0.83413
0.92,0.75,0.16855
0.2,0.31,1.1708
0.78,0.02,-0.86674
0.41,0.6,1.0631
0.44,0.34,0.73013
0.66,0.05,-0.76819
0.84,0.87,0.096746
0.18,0.6,1.4821
0.58,0.18,-0.24015
0.78,0.75,-0.27147
0.16,0.58,1.5178
0.71,0.25,-0.79422
0.39,1,1.57
0.13,0.58,1.3068
0.27,0.56,1.5268
0.67,0.98,0.11383
0.95,0.47,0.19006
0.33,0.79,1.5326
0.85,0.58,-0.30946
0.66,0.15,-0.67157
0.57,0.8,0.34712
0.08,0.87,1.4164
0.08,0.96,1.4943
0.1,0.01,0.72195
0.81,0.11,-0.84316
0.83,0.33,-0.66489
0.9,0.12,-0.42993
0.43,0.76,1.2507
0.73,0.88,-0.079941
0.37,0.23,1.0892
0.95,0.39,-0.035207
0.29,0.76,1.7571
0.18,0.89,1.8426
0.32,0.06,0.96567
0.02,0.86,1.0172
0.17,0.13,0.90665
0.01,0.58,0.61414
0.14,0.6,1.3229
0.1,0.64,1.2483
0.54,0.93,0.63623
0.72,0.71,-0.26868
0.23,0.99,2.0092
0.09,0.15,0.6247
0.18,0.32,1.2071
0.4,0.97,1.6273
0.06,0.56,0.94471
0.98,0.09,0.012052
0.21,0.44,1.3728
0.46,0.44,0.65289
0.76,0.56,-0.38789
0.19,0.92,1.9113
0.36,0.48,1.3636
0.71,0.65,-0.24734
0.24,0.26,1.2657
0.66,0.02,-0.80025
0.66,0.23,-0.5951
0.07,0.93,1.4156
0.16,0.88,1.6899
0.8,0.3,-0.71177
0.21,0.9,1.9126
0.43,0.71,1.0722
0.91,0.28,-0.26343
0.33,0.27,1.1063
0.98,0.42,0.43113
0.86,0.13,-0.67544
0.35,0.14,1.017
0.07,0.58,0.97837
0.39,0.71,1.4769
0.2,0.28,1.1854
0.59,0.05,-0.49893
0.05,0.4,0.72797
0.47,0.09,0.40999
0.91,0.38,-0.12662
0.7,0.99,0.10643
0.41,0.03,0.43696
0.73,0.39,-0.62326
0.02,0.23,0.35889
0.82,0.72,-0.26361
0.78,0.42,-0.62086
0.16,0.74,1.5728
0.06,0.12,0.46772
0.59,0.24,-0.36627
0.45,0.92,1.2867
0.45,0.32,0.64276
0.44,0.16,0.63992
0.76,0.53,-0.51377
0.88,0.8,0.18438
0.94,0.24,-0.15778
0.03,0.04,0.16253
0.06,0.37,0.70239
0.02,0.73,0.8076
0.06,0.59,1.0208
0.93,0.1,-0.43949
0.89,0.98,0.29405
0.01,0.83,1.035
0.28,0.62,1.6646
0.84,0.26,-0.58481
0.79,0.38,-0.53017
0.93,0.47,0.035457
0.62,0.99,0.43709
0.5,0.72,0.66234
0.21,0.94,1.8923
0.57,0.49,0.071042
0.41,0.38,0.96027
0.21,0.18,1.1284
0.78,0.77,-0.19345
0.28,0.53,1.5269
0.33,0.46,1.2929
0.88,0.19,-0.55194
0.95,0.7,0.44699
0.76,0.78,-0.23203
0.97,0.79,0.71398
0.8,0.29,-0.75531
0,0.49,0.42166
0.67,0.91,0.057306
0.46,0.28,0.43832
0.09,0.79,1.3438
0.07,0,0.50922
0.87,0.48,-0.25832
0.94,0.8,0.39437
0.95,0.44,0.17922
0.99,0.96,0.93591
0.23,0.77,1.7344
0.82,0.95,0.055121
0.12,0.75,1.3908
0.34,0.53,1.3258
0.69,0.09,-0.77033
0.89,0.72,0.068168
0.15,0.06,0.85489
0.5,0.64,0.70572
0.56,0.44,0.050597
0.08,0.71,1.1548
0.3,0.25,1.2315
0.68,0.47,-0.41656
0.33,0.08,0.92958
0.7,0.32,-0.61868
0.5,0.89,0.87878
0.57,0.53,0.064887
0.26,0.51,1.417
0.44,1,1.3671
0.63,0.77,-0.044019
0.93,0.89,0.49552
0.4,0.91,1.5626
0.03,0.56,0.73778
0.14,0.61,1.3178
0.7,0.9,-0.086352
0.11,0.9,1.558
0.97,0.47,0.24533
0.13,0.16,0.87304
0.42,0.54,1.0135
0.9,0.34,-0.24138
0.71,0.59,-0.46696
0.86,0.93,0.1668
0.98,0.39,0.25349
0.79,0.41,-0.51894
0.33,0.13,1.0584
0.14,0.29,1.0692
0.64,0.94,0.27415
0.49,0.7,0.80095
0.09,0.52,1.0054
0.71,0.27,-0.72285
0.19,0.01,0.89866
0.58,0.3,-0.22386
0.48,0.45,0.60049
0.97,0.1,-0.12135
0.79,0.29,-0.69633
0.15,0.19,0.98103
0.02,0.66,0.77951
0.63,0.25,-0.46625
0.63,0.89,0.23055
0.06,0.5,0.82736
0.59,0.03,-0.52474
0.04,0.17,0.36638
0.32,0.3,1.1476
0.02,0.09,0.15328
0.75,0.75,-0.18417
0.2,0.39,1.3297
0.66,0.06,-0.86061
0.55,0.19,-0.091693
0.89,0.97,0.38962
0.24,0.56,1.5282
0.41,0.73,1.3207
0.94,0.48,0.092841
0.37,0.9,1.6503
0.75,0.69,-0.16347
0.97,0.91,0.77616
0.5,0.25,0.23657
0.51,0.53,0.51763
0.25,0.94,2.0442
0.16,0.83,1.7047
0.89,0.02,-0.59612
0.43,0.93,1.4215
0.47,0.63,0.72567
0.51,0.08,-0.05708
0.9,0.79,0.20379
0.31,0.94,1.9091
0.38,0.57,1.2671
0.17,0.54,1.4127
0.74,0.88,-0.069217
0.67,0.27,-0.59795
0.72,0.83,-0.12116
0.16,0.42,1.2804
0.24,0.39,1.4776
0.73,0.61,-0.31144
0.39,0.96,1.6841
0.48,0.13,0.35692
0.45,0.02,0.2683
0.07,0.19,0.59581
0.1,0.58,1.1628
0.38,0.36,0.97801
0.97,0.16,-0.079058
0.7,0.4,-0.55271
0.66,0.5,-0.37192
0.06,0.31,0.81811
0.97,0.9,0.6292
0.39,0.59,1.2412
0.52,0.56,0.40504
0.4,0.56,1.143
0.71,0.95,-0.041383
0.27,0.25,1.2672
0.25,0.16,1.1914
0.52,0.4,0.28195
0.46,0.45,0.71837
0.07,0.49,0.8965
0.63,0.28,-0.50481
0.5,0.85,0.86129
0.4,0.96,1.5497
0.27,0.36,1.3044
0.24,0.3,1.3828
0.63,0.46,-0.18961
0.18,0.56,1.5084
0.55,0.44,0.17537
0.83,0.12,-0.75371
0.67,0.33,-0.60716
0.68,0.75,-0.14066
0.97,0.5,0.3715
0.77,0.1,-0.92604
0.4,0.58,1.1167
0.47,0.6,0.74848
0.76,0.31,-0.7219
0.1,0.47,1.0631
0.42,0.43,0.92366
0.78,0.7,-0.2721
0.83,0.67,-0.24056
0.12,0.61,1.3097
0.94,0.63,0.20681
0.83,0.92,0.040652
0.45,0.89,1.2245
0.43,0.86,1.3308
0.28,0.01,1.0298
0.51,0.83,0.72733
0.52,0.14,-0.022757
0.43,0.33,0.80764
0.08,0.24,0.74376
0.81,0.54,-0.40475
0.27,0.48,1.4516
0.87,0.94,0.17319
0.99,0.3,0.35592
0.61,0.19,-0.45772
0.81,0.48,-0.36465
0.82,0.7,-0.12878
0.59,0.65,0.15152
0.29,0.15,1.1644
0.47,0.29,0.63969
0.82,0.2,-0.74423
0.18,0.52,1.6082
0.56,0.08,-0.22755
0.59,0.27,-0.21155
0.44,0.6,0.93449
0.93,0.44,-0.041833
0.34,0.43,1.2667
0.47,0.96,1.195
0.92,0.94,0.45124
0.26,0.44,1.4219
0.83,0.99,0.069214
0.33,0.75,1.6113
0.96,0.52,0.24264
0.8,0.63,-0.3469
0.6,0.33,-0.29463
0.76,1,0.041227
0.08,0.12,0.60933
0.34,0.89,1.676
0.69,0.88,0.038308
0.76,0.89,-0.13347
0.16,0.92,1.7557
0.13,0.04,0.8173
0.33,0.38,1.1209
0.39,0.91,1.5315
0.94,0.39,0.00046456
0.31,0.09,0.93833
0.87,0.63,-0.15383
0.45,0.45,0.86592
0.74,0.31,-0.74835
0.75,0.37,-0.70541
0.07,0.65,1.1342
0.3,0.8,1.6308
0.74,0.97,-0.13849
0.53,0.42,0.23626
0.26,0.38,1.4346
0.26,0.67,1.6529
0.53,0.28,0.098438
0.61,0.49,-0.17251
0.72,0.67,-0.2613
0.24,0.87,1.902
0.99,0.63,0.4899
0.48,0.97,1.0371
0.95,0.37,-0.0018555
0.53,0.41,0.19104
0.39,0.85,1.5466
0.59,0.08,-0.47969
0.65,0.56,-0.27151
0.25,0.36,1.4235
0.21,0.16,1.1221
0.54,0.31,0.055325
0.65,0.07,-0.79115
0.13,0.45,1.1751
0.06,0.28,0.70617
0.08,0.45,0.90605
0.08,0.79,1.2824
0.36,0.55,1.3249
0.44,0.06,0.41161
0.1,0.82,1.4011
0.73,0.9,-0.070544
0.51,0.41,0.3859
0.14,0.04,0.76992
0.31,0.12,1.0809
0.73,0.78,-0.24811
0.23,0.38,1.3347
0.74,0.08,-0.90221
0.82,0.14,-0.78091
0.33,0.31,1.1813
0.61,0.11,-0.54322
0.82,0.82,-0.10999
0.94,0.68,0.28908
0.45,0.07,0.38127
0.65,0.12,-0.69267
0.86,0.51,-0.1762
0.66,0.87,0.016746
0.26,0.99,2.0497
0.26,0.02,0.9627
0.12,0.87,1.4629
0.81,0.19,-0.73012
0.27,0.06,1.0369
0.39,0.87,1.4189
0.66,0.16,-0.66706
0.36,0.91,1.7731
0.13,0.01,0.7193
0.77,0.27,-0.75976
0.97,0.25,0.15046
0.71,0.46,-0.61327
0.33,0.2,1.0738
0.25,0.63,1.7036
0.19,0.83,1.8547
0.15,0.66,1.49
0.3,0.98,1.9989
0.41,0.66,1.1661
0.76,0.13,-0.87517
0.24,0.25,1.237
0.14,0.73,1.4816
0.54,0.27,0.0098686
0.88,0.9,0.17764
0.71,0.48,-0.53229
0.23,0.61,1.5337
0.61,0.89,0.21895
0.72,0.19,-0.83399
0.6,0.36,-0.26416
0.66,0.18,-0.63917
0.76,0.91,-0.087332
0.28,0.78,1.8348
0.77,0.58,-0.42273
0.74,0.52,-0.5292
0.24,0.82,1.8735
0.05,0.29,0.65433
0.03,0.09,0.30102
1,0.34,0.28863
0.7,0.86,-0.026444
0.23,0.94,2.0445
0.7,0.11,-0.80528
0.33,0.95,1.7937
0.26,0.69,1.5994
0.15,0.09,0.77069
0.96,0.2,-0.099292
0.53,0.6,0.40712
0.92,0.14,-0.29311
0.87,0.91,0.091166
0.86,0.71,0.050054
0.91,0.56,-0.010376
0.14,0.57,1.3
0.19,0.68,1.65
0.27,0.13,1.227
0.34,1,1.8945
0.84,0.49,-0.3641
0.64,0.71,0.02898
0.84,0.61,-0.26929
0.43,0.44,0.77421
0.4,0.65,1.2397
0.93,0.54,0.18655
0.07,0.16,0.56066
0.25,0.07,1.1068
0.4,0.34,1.0048
0.61,0.03,-0.6078
0.32,0,0.93312
0.01,0.51,0.52349
0.56,0.76,0.51943
0.07,0.78,1.0832
0.92,0.7,0.21048
0.74,0.23,-0.77384
0.44,0.17,0.49568
0.73,0.13,-0.86758
0.23,0.04,1.0201
0.58,0.62,0.041773
0.41,0.17,0.59887
0.38,0.19,0.89678
0.27,0.95,1.9576
0.6,0.06,-0.53816
0.52,0.52,0.40574
0.52,0.63,0.47416
0.74,0.26,-0.74383
0.62,0.42,-0.30422
0.05,0.96,1.2626
0.73,0.42,-0.53558
0.23,0.8,1.7707
0.45,0.69,0.96948
0.37,0.17,0.91763
0.87,0.66,-0.089319
0.45,0.24,0.57719
0.08,0.54,0.94104
0.76,0.58,-0.4222
0.69,0.95,-0.023939
0.17,0.2,1.0981
0.8,0.35,-0.57014
0.3,0.32,1.2127
0.9,0.4,-0.23259
0.72,0.87,-0.29885
0.81,0.35,-0.71503
0.03,0.73,0.89159
0.37,0.36,1.0434
0.28,0.35,1.3546
0.18,0.11,0.96354
0.79,0.39,-0.61711
0.05,0.66,0.97654
0.86,0.73,-0.018409
0.24,0.52,1.475
0.5,0.22,0.25636
0.49,0.42,0.54434
0.71,0.58,-0.50364
0.19,0.79,1.7028
0.89,0.68,0.067273
0.57,0.19,-0.37368
0.07,0.92,1.3175
0.49,0.89,0.91537
0.88,0.59,-0.1575
0.25,0.38,1.3067
0.54,0.32,0.040668
0.65,0.72,-0.019657
0.62,0.1,-0.58798
0.92,0.73,0.2621
0,0.4,0.40672
0.82,0.45,-0.48087
0.97,0.4,0.17037
0.93,0.39,-0.064668
0.12,0.73,1.4422
0.88,0.03,-0.66929
0.86,0.49,-0.18395
0.87,0.64,-0.096147
0.06,0.03,0.455
0.89,0.31,-0.21949
0.72,0.55,-0.46529
0.42,0.56,1.0506
0.14,0.89,1.6212
0.72,0.41,-0.62152
0.96,0.91,0.67699
0,0.86,0.99387
0.7,0.66,-0.3399
0.06,0.9,1.265
0.4,0.93,1.4786
0.7,0.96,-0.018054
0.1,0.65,1.2481
0.66,0.34,-0.43201
0.82,0.62,-0.34813
0.54,0.42,0.15747
0.21,0.98,2.026
0.41,0.62,1.1129
0,0.41,0.43313
0.5,0.77,0.69359
0.93,0.41,-0.11666
0.34,0.49,1.3628
0.35,0.5,1.3628
0.53,0.17,-0.015379
0.53,0.2,0.026874
0.05,0.15,0.38616
0.25,0.89,1.9013
0.18,0.06,0.9458
0.98,0.35,0.266
0.79,0.04,-0.9858
0.29,0.5,1.4924
0.08,0.02,0.43762
0.86,0.57,-0.28376
0.1,0.76,1.3822
0.56,0.17,-0.15904
0.84,0.78,-0.016952
0.52,0.25,0.1772
0.08,0.99,1.4506
0.31,0.52,1.3794
0.02,0.04,0.10357
0.17,0.39,1.3602
0.18,0.03,0.97859
0.09,0.5,1.1333
0.49,0.56,0.56327
0.88,0.29,-0.43012
0.36,0.17,0.84364
0.27,0.49,1.4508
1,0.98,0.92858
0.6,0.68,0.10298
0.24,0.85,1.7522
0.37,0.42,1.0669
0.18,0.59,1.4256
1,0.75,0.69269
0.49,0.17,0.19232
0.79,0.12,-0.92789
0.72,0.07,-0.99847
0.21,0.06,1.0447
0.14,0.69,1.4639
0.34,0.93,1.6697
0.61,0.08,-0.6515
0.71,0.31,-0.66686
0.69,0.53,-0.40547
0.43,0.56,1.01
0.09,0.2,0.71563
0.9,0.08,-0.49748
0.23,0.54,1.5548
0.14,0.13,1.0189
0.17,0.8,1.6593
0.74,0.82,-0.12333
0.76,0.57,-0.34943
0.67,0.61,-0.22084
0.4,0.05,0.65222
0.73,0.28,-0.68094
0.56,0.28,-0.07966
0.78,0.1,-0.92653
0.73,0.16,-0.87233
0.39,0.44,1.1065
0.28,1,1.8716
0.7,0.61,-0.38214
0.46,0.49,0.81276
0.17,0.91,1.6657
0.38,0.65,1.3577
0.61,0.5,-0.10623
0.66,0.99,0.23735
0.62,0.2,-0.57987
0.75,0.03,-1.0203
0.22,0.38,1.2734
0.33,0.34,1.1573
0.41,0.45,1.0198
0.05,0.2,0.51889
0.78,0.45,-0.53282
0.09,0.33,0.96666
0.28,0.59,1.6761
0.92,0.42,-0.13104
0.03,0.9,1.0465
0.29,0.03,0.98582
0.04,0.59,0.74695
0.54,0.02,-0.15527
0.42,0.63,1.0697
0.68,0.04,-0.85898
0.25,0.64,1.6123
0.98,0.18,-0.014575
0.56,0.69,0.34465
0.31,0.55,1.4456
0.15,0.81,1.5804
0.96,0.59,0.23876
0.53,0.05,-0.12306
0.44,0.49,0.86514
0.48,0.96,1.1867
0.74,0.62,-0.30686
0.71,0.49,-0.58707
0.57,0.42,0.0217
0.37,0.27,1.0169
0.07,0.48,0.85632
0.16,0.25,1.1125
0.31,0.49,1.4642
0.95,0.22,-0.16452
0.42,0.26,0.7713
0.4,0.16,0.75015
0.16,0.43,1.343
0.58,0.05,-0.49853
0.9,0.91,0.34783
0.85,0.85,0.069175
0.78,0.49,-0.5288
0.85,0.12,-0.77362
0.56,0.18,-0.16026
0.89,0.36,-0.18942
0.62,0.98,0.33402
0.8,0.41,-0.62725
0.77,0.78,-0.30478
0.63,0.18,-0.47574
0.24,0.59,1.6464
0.23,0.85,1.8053
0.53,0.09,-0.11481
0.18,0.58,1.4859
0.94,0.03,-0.31785
0.49,0.31,0.31044
0.67,0.76,-0.10121
0.39,0.5,1.1555
0.28,0.14,1.1018
0.83,0.54,-0.25769
0.44,0.36,0.83022
0.62,0.13,-0.43699
0.9,0.16,-0.48376
0.01,0,0.072798
0.83,0.2,-0.69321
0.38,0.46,1.1803
0.04,0.73,0.90816
0.42,0.49,0.93717
0.07,0.17,0.51961
0.6,0.04,-0.53808
0.68,0.9,-0.025186
0.41,0.55,1.1091
0.03,0.87,1.1044
0.78,0.65,-0.32673
0.7,0.88,-0.13279
0.84,0.48,-0.35068
0.25,0.53,1.4485
0.84,0.56,-0.35014
0.22,0.25,1.3055
0.99,0.85,0.74859
0.87,0.68,-0.066935
0.3,0.14,1.0273
0.84,0.65,-0.089964
0.26,0.45,1.4422
0.22,0.77,1.773
0.64,0.56,-0.27682
0.35,0.85,1.6416
0.2,0.36,1.2833
0.83,0.22,-0.83073
0.06,0.26,0.61314
0.58,0.14,-0.28788
0.63,0.45,-0.27813
0.49,0.09,0.17437
0.88,0.79,0.080822
0.74,0.1,-0.9347
0.57,0.63,0.28075
1,0.93,0.83545
0.08,0.56,1.056
0.66,0.93,-0.004156
0.69,0.05,-0.86103
0.48,0.16,0.24214
0.85,0.6,-0.20941
0.78,0.57,-0.50418
0.23,0.12,1.1213
0.34,0.84,1.6329
0.44,0.73,1.107
0.4,0.84,1.405
0.43,0.08,0.6339
0.85,0.88,0.010697
0.91,0.07,-0.44002
0.97,0.7,0.49118
0.41,0.99,1.5629
0.59,0.62,0.020864
0.27,0.01,0.95778
0.32,0.55,1.4042
0.98,0.66,0.64465
0.72,0.36,-0.64746
0.91,0.5,-0.091013
0.27,0.69,1.6659
0.14,0.8,1.498
0.95,0.05,-0.24765
0.46,0.89,1.2123
0.49,0.34,0.30838
0.96,0.11,-0.11501
0.13,0.18,0.89638
0.31,0.8,1.7892
0.09,0.25,0.77982
0.8,0.66,-0.36089
0.75,0.64,-0.27317
0.61,0.06,-0.56196
0.55,0.86,0.44526
1,0.36,0.32829
0.18,0.41,1.3366
0.85,0.11,-0.71433
0.47,0.38,0.5742
0.65,0.94,0.16363
0.58,0.22,-0.22574
0,0.91,0.87754
0.1,0.98,1.5322
0.92,0.63,0.1527
0.38,0.95,1.6294
0.8,0.06,-0.84707
0.21,0.34,1.2593
0.83,0.34,-0.50046
0.76,0.79,-0.25778
0.57,0.13,-0.35334
0.66,0.66,-0.072491
0.72,0.24,-0.79051
0.21,0.24,1.2773
0.42,0.5,1.0043
0.83,0.25,-0.57629
0.38,0.15,0.87751
0.22,0.64,1.6612
0.95,0.9,0.59236
0.05,0,0.26443
0.03,0.86,1.0514
0.92,0.15,-0.31054
0.69,0.2,-0.73976
0.2,0.6,1.4618
0.94,0.18,-0.22516
0.05,0.95,1.1311
0.68,0.09,-0.76109
0.6,0.15,-0.39014
0.04,0.63,0.87898
0.59,0.83,0.27581
0.41,0.28,0.697
0.24,0.8,1.7074
0.27,0.84,1.805
0.64,0.6,-0.11167
0.37,1,1.7331
0.07,0.13,0.54597
0.17,0.16,0.98329
0.39,0.56,1.1607
0.85,0.19,-0.60911
0.59,0.98,0.51428
0.85,0.57,-0.32226
0.84,0.2,-0.7081
0.94,0.57,0.24091
0.31,0.58,1.6069
0.06,0.25,0.68086
0.37,0.6,1.345
0.66,0.03,-0.88638
0.08,0.46,0.94377
0.79,0.47,-0.46228
0.46,0.32,0.55785
0.36,0.21,0.93079
0.87,0.12,-0.65702
0.07,0.85,1.3034
0.38,0.44,1.0439
0.73,0.23,-0.79923
0.62,0.93,0.31178
0.72,0.44,-0.51062
0.53,0.14,0.024741
0.57,0.06,-0.42289
0.6,1,0.40745
0.84,0.54,-0.292
0.46,0.73,0.98106
0.31,0.79,1.7676
0.06,0.44,0.81528
0.05,0.7,0.93689
0.82,0.11,-0.80192
0.62,0.32,-0.45637
0.12,0.81,1.4779
0.31,0.1,0.95395
0.38,0.66,1.308
0.98,0.67,0.58921
0.8,0.46,-0.55879
0.53,0.24,0.1621
0.75,0.76,-0.24821
0.68,0.7,-0.14624
0.88,0.81,0.098712
0.28,0.63,1.5729
0.82,0.52,-0.27081
0.23,0.25,1.2952
0.53,0.18,-0.012031
0.8,0.13,-0.74335
0.24,0.51,1.4972
0.27,0.91,1.8679
0.57,0.01,-0.43122
0.02,0.01,0.1589
0.69,0.51,-0.29821
1,0.14,0.10555
0.94,0.58,0.17982
0.63,0.24,-0.49044
0.07,0.75,1.2063
0.84,0.13,-0.80081
0.53,0.66,0.48779
0.22,0.75,1.7399
0.96,0.64,0.40841
0.01,0.72,0.75347
0.39,0.58,1.2065
0.41,0.77,1.2804
0.96,0.27,0.081354
0.36,1,1.7692
0.17,0,0.86454
0.78,0.18,-0.80532
0.29,0.46,1.3881
0.53,0.72,0.46731
0.28,0.07,1.0824
0.67,0.37,-0.53807
0.68,0.64,-0.27698
0.86,0.35,-0.44725
0.41,0.1,0.59142
0.4,0.27,0.81668
0.86,0.81,0.082628
0.08,0.77,1.1715
0.5,0.48,0.34425
0.78,0.25,-0.78593
0.46,0.88,1.0872
0.67,0.57,-0.31881
0.38,0.81,1.4709
0.86,0.33,-0.42585
0.98,0.23,0.051419
0.68,0.53,-0.39394
0.43,0.39,0.80831
0.32,0.89,1.8336
0.15,0.22,1.0297
0.45,0.5,0.80405
0.1,0.2,0.77896
0.63,0.11,-0.52387
0.97,0.35,0.21111
0.55,0.35,0.061744
0.68,0.4,-0.48085
0.05,0.93,1.231
0.62,0.37,-0.33732
0.99,0.54,0.51279
0.29,0.52,1.4853
0.07,0.35,0.69253
0.61,0.7,0.031293
0.41,0.53,1.0429
0.4,0.41,0.9319
0.11,0.79,1.4357
0.36,0.14,0.87849
0.35,0.42,1.21
0.45,0.83,1.0808
0.15,0.51,1.3297
0.32,0.28,1.1897
0.14,0.78,1.5275
0.89,0.83,0.17946
0.45,0.36,0.67075
0.77,0.38,-0.62436
0.08,0.14,0.54806
0.93,1,0.63722
0.99,0.01,-0.068023
1,0.2,0.20195
0.38,0.21,0.92656
0.94,0.35,-0.060884
0.8,0.49,-0.42091
0.1,0.62,1.3055
0.99,0.91,0.83349
0.77,0.08,-0.83548
0.73,0.3,-0.63819
0.49,0.04,0.24486
0.34,0.09,0.83016
0.89,0.44,-0.10712
0.04,0.49,0.73159
0.15,0.83,1.686
0.75,0.18,-0.84501
0.7,0.28,-0.75642
0.57,0.22,-0.15149
0.52,0.87,0.61718
0.61,0.25,-0.48146
0.17,0.53,1.4194
0.24,0.84,1.7805
0.04,0.33,0.57697
0.73,0.1,-0.92665
0.88,0.82,0.064075
0.9,0.69,0.15071
0.08,0.98,1.3634
0.88,0.4,-0.29649
0.5,0.93,0.89896
0.98,0.07,-0.0053894
0.8,0.7,-0.20951
0.74,0.9,-0.069242
0,0.46,0.4314
0.92,0.99,0.48919
0.04,0.26,0.40568
0.59,0.16,-0.33508
0.81,0.06,-0.85409
0.98,0.96,0.82657
0.12,0.54,1.2722
0.15,0.49,1.4195
0.14,0.52,1.3359
0.86,0.14,-0.6659
0.16,0.14,0.96589
0.79,0.25,-0.76654
0.39,0.29,0.83691
0.87,0.88,0.12791
0.87,0.34,-0.33842
0.09,0.9,1.4591
0.62,0.53,-0.23403
0.16,0.62,1.499
0.16,0.21,1.0333
0.5,0.87,0.95915
0.81,0.08,-0.83894
0.72,0.62,-0.42719
0.35,0.37,1.2262
0.75,0.67,-0.33928
0.44,0.7,1.0168
0.19,0.55,1.4917
0.8,0.84,-0.18002
0.4,0.07,0.55842
0.68,0.21,-0.70583
0.3,0.41,1.3031
0.53,0,-0.15954
0.06,0.66,1.0404
0.28,0.1,1.0714
0.26,0.8,1.7963
0.65,0.05,-0.90861
0.16,0.81,1.6598
0.73,0.35,-0.74112
0.69,0.61,-0.27949
0.24,0.92,1.888
0.6,0.14,-0.45022
0.39,0.25,0.85421
0.12,0.55,1.2897
0.71,0.87,0.027705
0.41,0.21,0.77859
0.38,0.06,0.69645
0.84,0.25,-0.63876
0,0.38,0.37837
0.16,0.34,1.1646
0.16,0.76,1.6915
0.92,0.79,0.29162
0.78,0.12,-0.81069
0.47,1,1.11
0.63,0.58,-0.14137
0.49,0.81,0.98012
0.52,0.26,0.099237
0.61,0.51,-0.11398
0.77,0.02,-1.0642
0.04,0.87,1.1072
0.39,0.68,1.2602
0.45,0.28,0.6748
0.36,0.85,1.6309
0.53,0.52,0.35216
0.17,0.25,1.0807
0.78,0.98,0.013093
0.85,0.53,-0.38355
0.17,0.55,1.4084
0.26,0.34,1.4615
0,0.53,0.47137
0.69,0.6,-0.3297
0.32,0.36,1.3718
0.39,0.63,1.2512
0.16,0.84,1.7161
0.3,0.57,1.5272
0.15,0.27,1.1383
0.97,0.94,0.86597
0.86,0.75,-0.0092837
0.81,0.65,-0.28913
0.23,0.69,1.7224
0.79,0.24,-0.69965
0.38,0.85,1.4391
0.49,0.9,0.97993
0.78,0.78,-0.21293
0.5,0.03,-0.049534
0.56,0.95,0.53623
0.33,0.35,1.1966
0.74,0.84,-0.14481
0.07,0.31,0.75564
0.68,0.86,-0.10364
0.45,0.06,0.35601
0.26,0.74,1.6981
0.12,0.86,1.4649
0.68,0.17,-0.72125
0.08,0.66,1.1313
0.91,0.91,0.39202
0.08,0.68,1.2048
0.78,0.22,-0.778
0.58,0.17,-0.32031
0.52,0.48,0.27263
0.02,0.28,0.42181
0.41,0.9,1.3493
0.3,0.67,1.598
0.66,0.65,-0.19298
0.09,0.66,1.2019
0.25,0.49,1.4243
0.91,0.32,-0.21307
0.31,0.73,1.6265
0.19,0.73,1.6596
0.5,0.83,0.83793
0.38,1,1.7538
0.04,0.68,0.93251
0.7,0.39,-0.53085
0.74,0.75,-0.32135
0.7,0.04,-0.86982
0.96,0.98,0.74579
0.65,0.06,-0.73917
0.07,0.22,0.55382
0.27,0.72,1.7564
0.03,0.02,0.2239
0.57,0.91,0.55157
0.54,0.54,0.26395
0.79,0.35,-0.5914
0.8,0.04,-0.86105
0.15,0.59,1.3632
0.61,0.92,0.25739
0.52,0.49,0.41216
0.91,0.53,-0.003913
0.4,0.67,1.1735
0.88,0.06,-0.54402
0.01,0.46,0.47913
0.12,0.21,0.84958
0.35,0.13,0.83891
1,0.92,0.9901
0.37,0.72,1.4581
0.48,0.47,0.53248
0.98,0.54,0.39547
1,0.29,0.30994
0.58,0.43,-0.035954
0.87,0.07,-0.65126
0.58,0.46,0.056914
0.71,0.74,-0.20151
0.95,0.5,0.17682
0.54,0.29,0.0028311
0.36,0.4,1.1386
0.43,0.22,0.66387
0.12,0.38,1.0615
0.39,0.82,1.4933
0.81,0.87,-0.14096
0.16,0.69,1.4985
0.35,0.55,1.4098
0.35,0.67,1.4711
0.27,0.41,1.3924
0.58,0.55,0.11729
0.35,0.78,1.4862
0.93,0.61,0.21537
0.82,0.99,0.10031
0.01,0.82,0.81702
0.29,0.47,1.4739
0.81,0.75,-0.13328
0.81,0.28,-0.68781
0.61,0.95,0.25361
0.86,0.5,-0.3315
0.56,0.68,0.27971
0.6,0.72,0.078744
0.26,0.81,1.8026
0.15,0.72,1.7004
0.48,0.57,0.69427
0.91,0.63,0.098763
0.18,0.78,1.6148
0.09,0.75,1.3782
0.69,0.34,-0.58563
0.45,0.7,1.0098
0.28,0.99,1.988
0.29,0.69,1.6223
0.17,0.03,0.81855
0.62,0,-0.73881
0.85,0.98,0.20674
0.2,0.54,1.3879
0.46,0.75,1.0224
0.26,0.35,1.3616
0.02,0.46,0.61811
0.69,0.41,-0.50838
0.2,0.86,1.7933
0.77,0.86,-0.041908
0.33,0.78,1.6089
0.48,0.39,0.43562
0.25,0.03,0.98041
0.01,0.09,0.075757
0.6,0.6,0.024502
0.27,0.75,1.6688
0.03,0.65,0.8665
0.5,0.63,0.75069
0.36,0.67,1.3697
0.35,0.41,1.1957
0.13,0.92,1.6089
0.97,0.13,-0.10398
0.47,0.32,0.48736
0.11,0.1,0.74691
0.83,0.98,0.16714
0.85,0.75,-0.057935
0.09,0.55,1.1108
0.06,0.06,0.41168
0.43,0.48,0.89002
0.51,0.12,0.084621
0.6,0.07,-0.54048
0.61,0.79,0.048483
0.95,0.27,0.031986
0.59,0.26,-0.23173
0.34,0.2,1.0776
0.94,0.94,0.59303
0.53,0.9,0.73307
0.11,0.11,0.69944
0.75,0.97,0.014594
0.38,0.2,0.91266
0.29,0.56,1.5568
0.05,0.78,1.066
0.29,0.23,1.1992
0.12,0.48,1.077
0.01,0.5,0.55176
0.85,0.33,-0.32552
0.01,0.32,0.51255
0.66,0.2,-0.57701
0.21,0.93,1.8547
0.17,0.7,1.5744
0.61,0.99,0.32987
0.4,0.37,0.98197
0.04,0.8,1.1051
0.93,0.18,-0.30003
0.04,0.3,0.56378
0.62,0.51,-0.25873
0.1,0.57,1.1059
0.89,0.27,-0.26945
0.83,0.15,-0.58003
0.6,0.63,-0.022197
0.91,0.96,0.38228
0.11,0.36,1.0713
0.12,0.83,1.4423
0.56,0.98,0.6
0.09,0.69,1.2619
0.05,0.23,0.50214
0.25,0.6,1.5288
0.1,0.3,0.95489
0.12,0.64,1.4116
0.52,0.08,-0.037623
0.81,0.13,-0.8757
0.02,0.38,0.5368
0.36,0.88,1.6161
0.79,0.56,-0.33068
0.71,0.75,-0.29353
0.93,0.28,-0.14004
0.18,0.43,1.3697
0.65,0.92,0.086966
0.99,0.95,0.79672
0.44,0.83,1.1384
0.55,0.25,-0.14635
0.51,0.73,0.67197
0.01,0.59,0.63921
0.72,0.1,-0.88307
0.14,0.19,1.0065
0.93,0.96,0.70141
0.92,0.98,0.51095
0.37,0.28,0.9682
0.31,0.08,0.95781
0.1,0.25,0.88506
0.55,0.62,0.25817
0.37,0.21,0.84859
0.84,0.64,-0.20377
0.27,0.5,1.6662
0.75,0.48,-0.52097
0.76,0.46,-0.44832
0.92,0.29,-0.18214
0.59,0.42,-0.11169
0.33,0.85,1.7807
0.67,0.48,-0.32502
0.98,0.33,0.215
0.76,0.34,-0.67229
0.1,0.08,0.65116
0.77,0.74,-0.18326
0.19,0.76,1.7127
0.44,0.07,0.45963
0.93,0.98,0.40164
0.75,0.91,-0.11186
0.08,0.31,0.81813
0.59,0.78,0.16436
0.55,0.9,0.57022
0.37,0.81,1.5872
0.13,0.09,0.73253
0.4,0.33,1.0252
0.71,0.26,-0.73118
0.9,0.85,0.30181
0.21,0.53,1.5327
0.25,0.11,1.068
0.9,0.29,-0.35567
0.38,0.63,1.2333
0.75,0.05,-0.93612
0.22,0.55,1.4953
0.91,0.7,0.1241
0.95,1,0.59422
0.39,0.67,1.287
0.51,0.2,0.14766
0.18,0.73,1.7622
0.89,0.04,-0.64375
0.06,1,1.3542
0.69,0.3,-0.55882
0.66,0.89,-0.026781
0.28,0.75,1.7952
0.99,0.34,0.19455
0.4,0.62,1.2139
0.12,0.4,1.229
0.11,1,1.7002
0.86,0.95,0.14669
0.64,0.73,-0.11104
0.33,0.99,1.9026
0.49,0.79,0.82861
0.34,0.59,1.4743
0.5,0.67,0.64249
0.09,0.36,0.89599
0.53,0.73,0.53383
0.73,0.45,-0.57727
0.51,0.58,0.41302
0.95,0.49,0.26265
0.93,0.22,-0.11955
0.28,0.47,1.5149
0.7,0.62,-0.38598
0.69,0.36,-0.57422
0.18,0.26,1.1677
0.42,0.24,0.73614
0.8,0.31,-0.57337
0.77,0.85,-0.093755
0.2,0.58,1.4656
0.01,0.63,0.72973
0.92,0.13,-0.2766
0.31,0.16,1.0281
0.92,0.11,-0.35425
0.69,0.65,-0.26833
0.25,0.56,1.4842
0.26,0.96,1.8916
0.88,0.53,-0.12424
0.65,0.91,0.16636
0.6,0.96,0.30326
0.94,0.78,0.44969
0.32,0.75,1.667
0.9,0.11,-0.51506
0.35,0.57,1.3903
0.86,0.06,-0.75051
0.43,0.98,1.5827
0.12,0.88,1.6711
0.79,0.75,-0.20773
0.06,0.53,0.88702
0.47,0.51,0.6376
0.22,0.06,1.0554
0.48,0.62,0.6796
0.07,0.02,0.44846
0.36,0.58,1.3878
0.24,1,2.1195
0.89,0.67,0.046911
0,1,0.94974
0.73,0.92,-0.086245
0.63,0.38,-0.43492
0.2,0.55,1.4832
0.47,0.58,0.69264
0.93,0.37,0.0088855
0.64,0.63,-0.040771
0.86,0.34,-0.3955
0.54,0.97,0.72497
0.29,0.81,1.7999
0.28,0.13,1.1386
0.98,0.02,0.0037018
1,0.5,0.51647
0.54,0.66,0.37839
0.32,0.33,1.262
0.7,0.01,-0.9411
0.69,0.31,-0.67437
0.68,0.5,-0.33735
0.1,0.72,1.3206
0.77,0.98,0.0953
0.91,0.93,0.38218
0.33,0.43,1.2877
0.1,0.4,0.98175
0.51,0.27,0.27845
0.36,0.26,0.97501
0.56,0.67,0.35385
0.22,0.81,1.8421
0.42,0.11,0.64783
0.15,0.97,1.7308
0.06,0.64,1.0298
0.9,0.05,-0.58303
0.27,0.83,1.8334
0.48,0.64,0.72261
0.35,0.21,1.0436
0.66,0.91,0.08405
0.2,0.99,1.9005
0.49,0.19,0.21589
0.37,0.19,0.92642
0.73,0.26,-0.58522
0.86,0.08,-0.6831
0.18,0.94,1.791
0.62,0.77,-0.0081049
0.16,0.17,0.99056
0.18,0.42,1.3054
0.96,0.68,0.38334
0.75,0.19,-0.77356
0.24,0.08,1.1232
0.1,0.53,1.0476
0.66,0.8,-0.034385
0.6,0.52,-0.067378
0.21,0.36,1.2601
0.89,0.7,0.03599
0.79,0.54,-0.52445
0.73,0.84,-0.32923
0.69,0.92,0.044218
0.82,0.87,-0.054348
0.7,0.82,-0.086971
0.71,0.34,-0.60636
0.08,0.6,1.0731
0.25,0.73,1.83
0.09,0.59,0.91794
0.23,0.37,1.3979
0.29,0.05,1.0517
0.38,0.33,0.96909
0.01,0.77,0.87531
0.99,0.52,0.45839
0.62,0.12,-0.60776
0.87,0.43,-0.24319
0.65,0.3,-0.58751
0,0.9,0.86717
0.84,0.51,-0.45551
0.25,0.43,1.4467
0.36,0.93,1.7641
0.17,0.23,1.0542
0.03,0.29,0.45012
0.77,0.61,-0.33584
0.79,0.95,0.0093889
0.47,0.25,0.49732
0.57,0.23,-0.20878
0.57,0.11,-0.33106
0.82,0.88,0.0529
0.42,0.01,0.56252
0.3,0.77,1.7339
0.01,0.56,0.62966
0.88,0.92,0.30717
0.71,0.54,-0.52064
0.43,0.19,0.63696
0.92,0.1,-0.41834
0.32,0.85,1.6813
0.63,0.22,-0.61457
0.21,0.75,1.7877
0.15,0.98,1.8607
0.17,0.5,1.3773
0.59,0.31,-0.13099
0.16,0.05,0.97311
0.97,0.42,0.19615
0.62,0.29,-0.35716
0.6,0.48,-0.084117
0.31,0.96,1.927
0.6,0.34,-0.16931
0.04,0.65,0.81678
0.51,0.68,0.6802
0.9,0.78,0.1422
0.92,0.22,-0.2049
0.19,0.14,1.0741
0.68,0.19,-0.73818
0.44,0.91,1.2613
0.83,0.42,-0.3664
0.07,0.73,1.0492
0.63,0.92,0.20544
0.48,0.32,0.43992
0.83,0.18,-0.73
0.87,0.14,-0.50474
0.49,0.95,1.0586
0.93,0.97,0.61629
0.38,0.55,1.2128
0.4,0.09,0.68594
0.06,0.87,1.1595
0.29,0.51,1.4369
0.04,0.27,0.50309
0.24,0.49,1.4618
0.7,0,-0.9903
0.07,0.06,0.44545
0.77,0.46,-0.57779
0.68,0.44,-0.43965
0.65,0.18,-0.61547
0.79,0.17,-0.75238
0.5,0.68,0.71243
0.5,0.12,0.099237
0.03,0.53,0.68378
0.73,0.14,-0.79214
0.28,0.92,1.9159
0.86,0.45,-0.32779
0.1,0.03,0.59651
0.82,0.47,-0.52206
0.1,0.11,0.72833
0.19,0.74,1.6909
0.1,0.17,0.71981
0.43,0.05,0.51683
0.17,0.02,0.94121
0.08,0.65,1.0852
0.3,0.92,1.8957
0.11,0.49,1.0321
0.08,0.89,1.4332
0.19,0.78,1.6883
0.34,0.34,1.2083
0.35,0.32,1.1177
0.99,0.72,0.61327
0.35,0.4,1.1895
0.78,0.47,-0.48096
0.2,0.21,1.1531
0.21,0.29,1.3244
0.16,0.07,0.81436
0.66,0.95,0.063957
0.82,0.94,0.072194
0.55,0.7,0.40575
0.98,0.94,0.83298
0.17,0.87,1.8679
0.93,0.69,0.30474
0.52,0.05,-0.1655
0.73,0.67,-0.25826
0.05,0.37,0.65246
0.7,0.75,-0.20463
0.5,1,0.92176
0.08,0.44,0.86084
0.23,0.56,1.5245
0.12,0.71,1.3575
0.3,0.93,1.8784
0.97,0.78,0.49671
0.19,0.71,1.704
0.24,0.04,1.0607
0.01,0.47,0.47445
0.34,0.31,1.1934
0.89,0.5,-0.11845
0.38,0.29,0.94548
0.67,0.21,-0.70393
0.8,0.73,-0.26477
0.08,0.23,0.82888
0.35,0.28,1.081
1,0.83,0.80807
0.5,0.49,0.47093
0.91,0.49,-0.0095299
0.2,0.46,1.3918
0.74,0.02,-0.95284
0.51,0.47,0.37923
0.71,0.12,-0.78323
0.32,0.68,1.5859
0.61,0.58,-0.01479
0.09,0.07,0.61249
0.04,0.05,0.29692
0.96,0.28,-0.1055
0.43,0.99,1.4346
0.64,0.45,-0.29736
0.76,0.73,-0.31177
0.37,0.63,1.5154
0.76,0.27,-0.79017
0.42,0.91,1.4012
0.62,0.55,-0.019192
0.15,0.5,1.2444
0.22,0.9,1.7289
0.8,0.28,-0.75152
0.55,0.37,0.097519
0.55,0.58,0.24725
0.52,0.67,0.43561
0.3,0.28,1.3315
0.25,0.79,1.8021
0.16,0.16,0.98291
0.5,0.24,0.27907
0.1,0.48,1.0111
0.81,0.73,-0.16531
0.18,0.18,1.0295
0.81,0.7,-0.19908
0.27,0.45,1.4541
0.67,0.02,-0.77556
0.13,0.15,0.8583
0.01,0.42,0.50631
0.83,0.06,-0.84719
0.05,0.42,0.87035
0.8,0.55,-0.35411
0.74,0.93,-0.017341
0.69,0.72,-0.2673
0.48,0.27,0.465
0.68,0.52,-0.40254
0.12,0.85,1.4358
0.18,0.71,1.6139
0.86,0.86,0.057539
0.23,0.33,1.2701
0.62,0.38,-0.38339
0.76,0.93,-0.033936
0.79,0.99,-0.027621
0.32,0.45,1.4443
0.25,0.05,1.0278
0.34,0.73,1.5926
0.93,0.8,0.31472
0.3,0.75,1.6467
0.05,0.34,0.58414
0.1,0.54,1.1723
0.64,0.93,0.08275
0.04,0.35,0.57914
0.81,0.14,-0.83409
0.22,0.45,1.4201
0.31,0.51,1.3354
0.83,0.32,-0.60323
0.24,0.31,1.2472
0.71,0.47,-0.57177
0.07,1,1.2928
0.92,0.62,0.087429
0.31,0.18,1.1706
0.81,0.01,-0.88941
0.81,0.23,-0.7464
0.43,0.55,0.94745
0.09,0.19,0.72919
0.8,0.21,-0.66783
0.44,0.95,1.3567
0.45,0.34,0.55351
0.25,0.31,1.2699
0.95,0.35,0.078133
0.43,0.58,0.99628
0.43,0.17,0.56695
0.8,1,-0.015268
0.73,0.72,-0.26323
0.31,0.32,1.2378
0.41,0.75,1.2406
0.89,0.79,0.13115
0.17,0.1,0.85304
0.93,0.5,0.064406
0.98,0.57,0.46117
0.78,0.37,-0.52248
0.12,0.77,1.4187
0.92,0.12,-0.35742
0.59,0.77,0.30802
0.6,0.66,0.07563
0.17,0.04,0.93053
0.41,0.65,1.3402
0.9,0.97,0.43283
0.43,0.73,1.1678
0.86,0.58,-0.10514
0.95,0.21,-0.050216
0.57,0.55,0.10606
0.75,0.42,-0.50036
0.39,0.46,0.97965
0.75,0.11,-0.95666
0.08,0.35,0.87841
0.21,0.67,1.7191
0.09,0.86,1.3842
0.28,0.02,0.99457
0.53,0.62,0.43783
0.43,0.29,0.71848
0.87,0.85,0.021856
0.3,0.94,1.9227
0.5,0.7,0.65894
0.01,0.89,0.86079
0.8,0.79,-0.077335
0.3,0.17,1.0846
0.46,0.14,0.47554
1,0.71,0.78272
0.69,0.21,-0.69996
0.53,0.91,0.80847
0.38,0.1,0.70983
0.48,0.38,0.40276
0.99,0.75,0.68527
0.23,0.02,1.094
0.97,0.77,0.61264
0.78,0.01,-1.0203
0.28,0.32,1.3711
0.05,0.25,0.50648
0.53,0.87,0.70697
0.09,0.02,0.59796
0.54,0.46,0.15416
0.34,0.81,1.7442
0.98,0.48,0.36272
0.69,0.11,-0.77226
0.37,0.24,0.98747
0.85,0.67,-0.14865
0.83,0.96,0.096687
0.5,0.76,0.71708
0.76,0.12,-0.82908
0.24,0.1,1.1099
0.92,0.06,-0.42316
0.9,0.83,0.21569
0.84,0.85,0.083055
0.41,0.18,0.72381
0.91,0.58,0.039318
0.2,0.51,1.3821
0.85,0.2,-0.58203
0.36,0.09,0.88028
0.01,0.65,0.71184
0.45,0.78,1.1015
0.05,0.16,0.39006
0.94,0.44,0.093789
0.85,0.27,-0.54178
0.18,0.19,1.0686
0.18,0.2,1.0671
0.64,0.57,-0.15751
0.17,0.14,1.047
0.41,0.23,0.79507
0.71,0.96,0.035661
0.48,0.36,0.58344
0.85,0.08,-0.72141
0.35,0.08,0.92948
0.67,0.78,0.030035
0.11,0.23,0.93243
0.18,0.93,1.838
0.51,0.61,0.51097
0.17,0.63,1.4532
0.67,0.66,-0.19786
0.14,0.98,1.8161
0.9,0.51,-0.10538
0.53,0.39,0.27709
0.32,0.96,1.8585
0.72,0.05,-1.0276
1,0.15,0.1561
0.13,0.89,1.6377
0.39,0.38,0.9561
0.74,0.45,-0.41042
0.8,0.64,-0.4161
0.08,0.11,0.54092
0.34,0.06,0.78217
0.29,0.97,1.9366
0.6,0.38,-0.28606
0.71,0.86,-0.13129
0.95,0.09,-0.15984
0.12,0.67,1.3693
0.52,0.24,0.17618
0.43,0.83,1.3472
0.24,0.43,1.4991
0.39,0.69,1.4216
0.11,0.61,1.2733
0.03,0.55,0.63845
0.31,0.62,1.5717
0.13,0.2,0.75416
0.48,0.87,0.92256
0.61,0.24,-0.3996
0.16,0.37,1.1209
0.31,0.86,1.8682
0.11,0.16,0.80196
0.68,0.29,-0.62634
0.72,0.82,-0.13264
0.07,0.15,0.59933
0.1,0.18,0.79275
0.86,0.03,-0.62802
0.08,0.49,1
0.29,0.28,1.3175
0.56,0.65,0.38126
0.76,0.7,-0.28671
0.97,0.03,-0.047164
0.02,0.5,0.62021
0.3,1,2.017
0.8,0.26,-0.66503
0.71,0.77,-0.22055
0.86,0.32,-0.53816
0.27,0.64,1.648
0.46,0.65,0.94024
0.55,0.15,-0.068537
0.92,0.21,-0.27439
0.87,0.22,-0.46233
0.4,0.53,1.0342
0.46,0.23,0.45743
0.07,0.76,1.1796
0.39,0.21,0.90885
0.92,0.35,-0.022772
0.11,0.63,1.2417
0.15,0.64,1.3961
0.04,0.96,1.2054
0.31,0.57,1.5094
0.75,0.74,-0.28696
0.07,0.1,0.56681
0.87,0,-0.74957
0.94,0.82,0.36761
0.58,0.4,0.013449
0.02,0.31,0.42632
0.84,0.77,-0.095425
0.44,0.32,0.70744
0.79,0.36,-0.59273
0,0.27,0.30782
0.55,0.92,0.58745
0.26,0.87,1.8649
0.5,0.55,0.50144
0.72,0.85,-0.15554
0.41,0.87,1.4065
0.8,0.37,-0.67521
0.6,0.82,0.25834
0.75,0.02,-0.95516
0.55,0.41,0.071152
0.46,0.67,0.93668
0.21,0.43,1.4132
0.12,0.53,1.2929
0.43,0.03,0.43394
0.13,0.24,0.97888
0.57,0.17,-0.26813
0.63,0.69,-0.028013
0.63,0.63,-0.065137
0.92,0.46,-0.016325
0.11,0.21,0.84366
0.11,0.88,1.4102
0.64,0.68,-0.076623
0.16,0.53,1.3286
0.48,0.14,0.16158
0.32,0.73,1.6315
0.21,0.47,1.3954
0.9,0.55,-0.024029
0.57,0.21,-0.22206
0.3,0.38,1.3804
0.1,0.9,1.3929
0.77,0.83,-0.16318
0.56,0.92,0.54124
0.86,0.15,-0.53607
0.53,0.45,0.21048
0.7,0.76,-0.15736
0.38,0.96,1.6645
0.77,0.22,-0.82249
0.55,0.23,-0.15542
0.08,0.55,0.99772
0.5,0.84,0.73451
0.31,0.72,1.6715
0.03,0.35,0.543
0.82,0.89,-0.0034793
0.36,0.19,0.90273
0.48,0.67,0.76483
0.4,0.47,1.0814
0.23,0.18,1.1496
0.77,0.42,-0.5417
0.75,0.33,-0.71711
0.12,0.63,1.3417
0.49,0.2,0.24183
0.68,0.73,-0.12404
0.89,0.22,-0.38911
0.01,0.16,0.17042
0.48,0.68,0.82473
0.01,0.93,0.98171
0.82,0.12,-0.76195
0.51,0.63,0.56515
0.97,0.69,0.49652
0.85,0.49,-0.28669
0.74,0.18,-0.79866
0.84,0.82,0.028227
0.63,0.48,-0.24429
0.25,0.59,1.6474
0.79,0.07,-0.88298
0.06,0.94,1.2928
0,0.36,0.43237
0.62,0.35,-0.37749
0.81,0.64,-0.37436
0.67,0.3,-0.58608
0.68,0,-0.9514
0.23,0.44,1.47
0.01,0.86,0.87046
0.92,0.34,-0.086308
0.97,0.23,-0.031251
0.99,0.5,0.56936
0.71,0.1,-0.93058
0.92,0.24,-0.23491
0.11,0.26,0.86193
0.05,0.14,0.5082
0.75,0.72,-0.28425
0.75,0.77,-0.23906
0.98,0.69,0.44008
0.6,0.7,0.13474
0.28,0.5,1.4958
0.86,0.11,-0.67829
0.19,0.52,1.4576
0.73,0.5,-0.47781
0.48,0.49,0.56398
0.05,0.89,1.2383
0.02,0.65,0.77276
0,0.45,0.47466
0.69,0.16,-0.82376
0.86,0.88,0.013727
0.61,0.3,-0.29839
0.74,0.16,-0.92012
0.52,0.78,0.61309
0.52,0.62,0.54393
0.6,0.57,-0.043679
0.29,0.3,1.2943
0.83,0.03,-0.84987
0.62,0.36,-0.44277
0.65,0.16,-0.74397
0.06,0,0.34642
0.99,0.61,0.53863
0.76,0.17,-0.79453
0.94,0.05,-0.34699
0.97,0,-0.095647
0.14,0.56,1.4028
0.8,0.57,-0.43367
0.6,0.58,0.06089
0.62,0.02,-0.64904
0.58,0.81,0.33719
0.74,0.57,-0.49372
0.12,0.33,1.0341
0.9,0.54,-0.0073899
0.83,0.73,-0.084582
0.47,0.07,0.35918
0.14,0.74,1.5218
0.15,0.16,0.92861
0.25,0.28,1.2959
0.78,0.26,-0.74377
0.18,0.79,1.6748
0.53,0.92,0.73126
0.6,0.49,0.0035428
0.02,0.99,1.051
0.51,0.04,-0.054639
0.06,0.1,0.50538
0.25,0.76,1.7756
0.36,0,0.68849
0.69,0.46,-0.41798
1,0.91,0.89473
0.74,0.13,-0.8823
0.79,0.19,-0.6994
0.43,0.79,1.142
0.98,0.06,-0.030628
0.8,0.17,-0.75645
0.17,0.05,0.91649
0.14,0.99,1.8413
0.99,0.86,0.83871
0.13,0.56,1.1951
0.12,0.46,1.1229
0.11,0.28,0.81302
0.53,0.16,-0.047141
0.04,0.39,0.68198
0.38,0.34,0.93815
0.06,0.54,0.89591
0.18,0.35,1.2553
0.33,0.32,1.1667
0.45,0.67,1.0457
0.19,0.88,1.7991
0.09,0.05,0.67337
0.45,0.12,0.49221
0.01,0.04,0.14193
0.89,0.76,0.068683
0.27,0.89,1.8599
0.79,1,0.041057
0.96,0.31,0.01958
0.28,0.84,1.8355
0.38,0.76,1.2765
0.12,0.89,1.4638
0.16,0.56,1.2938
0.15,0.08,0.79707
0,0.83,0.78298
0.76,0.81,-0.13259
1,0.16,0.058248
0.61,0.38,-0.25887
0.55,0,-0.31027
0.46,0.21,0.50667
0.85,0.81,-0.007691
0.99,0.97,0.96509
0.64,0.44,-0.23204
0.68,0.1,-0.84704
0.26,0.82,1.7922
0.06,0.04,0.39095
0.49,0.21,0.20667
0.18,0.97,1.9288
0.98,0.79,0.67398
0.8,0.81,-0.13317
0.69,0.08,-0.87081
0.92,0.81,0.32051
0.54,0.64,0.31145
0.92,0.04,-0.36765
0.82,0.67,-0.11702
0.27,0.86,1.839
0.59,0.99,0.42725
0.4,0.17,0.80618
0.59,0.76,0.21489
0.46,0.81,1.0321
0.17,1,1.9092
0.69,0.73,-0.16321
0.54,0.61,0.38766
0.18,0.86,1.7471
0.65,0.49,-0.22071
0.61,0,-0.70615
0.23,0.43,1.4165
0.87,0.75,0.095255
0.1,0.27,0.75328
0.63,0.82,0.090998
0.4,0.87,1.434
0.94,0.55,0.22042
0.2,0.7,1.741
0.15,0.15,0.98192
0.02,0.16,0.24403
0.77,0.87,-0.08502
0.2,0.09,1.0525
0.85,0.36,-0.39199
0.81,0.32,-0.60225
0.56,0.07,-0.27674
0.7,0.44,-0.42723
0.85,0.8,-0.14656
0.83,0.19,-0.60182
0.05,0.41,0.65309
0.2,0.85,1.7854
0.49,0.71,0.69728
0.07,0.38,0.76943
0.36,0.81,1.5157
0.22,0.94,1.8981
0.35,0.11,0.93184
0.42,0.15,0.69774
0.73,0.17,-0.81092
0.18,0.09,1.0365
0.57,0.94,0.42219
0.06,0.15,0.5928
0.68,0.67,-0.17782
0.62,0.08,-0.63968
0.64,0.75,-0.010947
0.91,0.94,0.3235
0.14,0.91,1.701
0.1,0.09,0.71906
0.63,0.95,0.22314
0.43,0.15,0.5432
0.27,0.6,1.6203
0.63,0.29,-0.45137
0.42,0.2,0.58734
0.34,0.18,1.0286
0.42,0.57,0.99709
0.29,0.07,1.0891
0.75,0.49,-0.6019
0.38,0.05,0.82296
0.19,0.84,1.7644
0.97,0.73,0.46628
0.75,0,-1.1478
0.83,0.43,-0.45274
0.43,0.46,0.97069
0.94,0.33,-0.025731
0.36,0.68,1.4985
0.42,0.72,1.2698
0.91,0.06,-0.47852
0.26,0.07,1.1437
0,0.96,1.0375
0.13,0.87,1.6019
1,0.08,-0.058931
0.26,0.86,1.7772
0.42,0.22,0.67168
0.34,0.6,1.4408
0.81,0.37,-0.60084
0.33,0.9,1.7232
0.22,0.23,1.122
0.22,0.68,1.6267
0.71,0.64,-0.32696
0.88,0.93,0.30177
0.65,0.45,-0.37511
0.73,0.68,-0.36421
0.81,0.39,-0.48932
0.62,0.68,-0.0044329
0.38,0.53,1.1284
0.89,0.13,-0.4619
0.06,0.07,0.45271
0.78,0.97,-0.038355
0.42,0.87,1.4385
0.94,0.19,-0.22903
0.18,0.64,1.5796
0.4,0.46,1.0064
0.59,0.48,-0.0779
0.1,0.68,1.2955
0.27,0.73,1.8123
0.51,0.62,0.59386
0.27,0.31,1.3327
0.39,0.31,0.92183
0.39,0.45,1.0874
0.98,0.77,0.6008
0.88,0.3,-0.36258
0.28,0.77,1.6429
0.96,0.89,0.69292
0.09,0.34,0.86597
0.46,0.7,0.95353
0.26,0.61,1.5151
0.74,0.96,-0.14561
0.09,0.67,1.2136
0.49,0.36,0.46655
0.54,0.8,0.57366
0.27,0.9,1.9933
0.46,0.06,0.33321
0.77,0.92,-0.11426
0.16,0.12,1.0127
0.41,0.29,0.767
0.24,0.61,1.637
0.8,0.78,-0.10215
0.36,0.02,0.78633
0.21,0.41,1.3388
0.91,0.2,-0.32546
0.89,0.84,0.13178
0.68,0.18,-0.73784
0.78,0.07,-0.90159
0.71,0.72,-0.20284
0.45,0.8,1.0013
0.38,0.47,1.0915
0.92,0.51,-0.0039913
0,0.06,0.066334
0.58,0.9,0.49751
0.26,0.04,0.95089
0.21,0.69,1.6397
0.96,0.1,-0.21977
0.61,0.39,-0.3197
0.49,0.46,0.54049
0.45,0.9,1.3409
0.09,0.31,0.82381
0.69,0.37,-0.45443
0.27,0.66,1.5989
0.79,0.48,-0.58178
0.2,0.43,1.4129
0.58,0.95,0.50118
0.93,0,-0.38218
0.93,0.21,-0.31205
0.28,0.17,1.1554
0.07,0.84,1.1378
0,0.29,0.30012
0.12,0.97,1.6848
0.67,0.46,-0.46749
0.69,0.15,-0.74477
0.81,0.61,-0.35235
0.51,0.21,0.18724
0.95,0.11,-0.20452
0.7,0.07,-0.8283
0.85,0.89,0.037019
0.46,0.42,0.73614
0.72,0.81,-0.18538
0.26,0.42,1.4641
0.87,0.18,-0.59709
0.59,0.36,-0.2347
1,0.43,0.40946
0.26,0.22,1.1738
0.23,0.52,1.4398
0.67,0.59,-0.23332
0.49,0.4,0.46209
0.96,0.95,0.80879
0.89,0.88,0.20039
0.69,0.13,-0.78767
0.15,0.67,1.4723
0.85,0.69,-0.10745
0.76,0.72,-0.21374
0.54,0.69,0.34099
0.46,0.31,0.57501
0.85,0.35,-0.51942
0.67,0.42,-0.46334
0.63,0.98,0.1466
0.76,0.23,-0.84081
0.08,0.72,1.2312
0.59,0.73,0.19082
0.44,0.39,0.73003
0.75,0.32,-0.5751
0.27,0.3,1.2442
0.55,0.36,0.12607
0.19,0.9,1.9212
0.03,0.27,0.40574
0.82,0.21,-0.77602
0.18,0.38,1.329
0.54,0.19,-0.029879
0.46,0.59,0.8072
0.99,0.21,0.13834
0.63,0.75,0.038891
0.84,0.47,-0.35336
0.64,0.69,-0.1533
0.32,0.32,1.2293
0.95,0.8,0.52667
0.77,0.91,-0.093201
0.44,0.98,1.3675
0.34,0.13,1.0149
0.99,0.8,0.62548
0.45,0.18,0.55467
0.82,0.24,-0.6182
0.51,0.55,0.48316
0.87,0.93,0.1791
0.33,0.91,1.8337
0.54,0.59,0.35064
0.96,0.4,0.13487
0.14,0.54,1.4946
0.7,0.85,-0.18137
0.76,0.08,-0.93307
0.91,0.03,-0.49618
0.08,0.25,0.66053
0.78,0.53,-0.44043
0.63,0.43,-0.21199
0.1,1,1.6904
0.74,0.36,-0.62729
0.91,0.33,-0.20227
0.12,0.39,1.0445
0.33,0.51,1.2951
0.62,0.69,0.10952
0.74,0.81,-0.18114
0.02,0.77,0.86639
0.51,0.4,0.28003
0.18,0.45,1.3254
0.54,0.48,0.18718
0.92,0.68,0.12849
0.13,0.48,1.1935
0.48,0.23,0.40747
0.44,0.77,1.2552
0.81,0.38,-0.56788
0.63,0.53,-0.25665
0.5,0.65,0.66487
0.26,0.57,1.6549
0.9,0.43,-0.16609
0.68,0.85,-0.092562
0.56,0.55,0.25681
0.95,0.45,0.030073
0.99,0.81,0.68189
0.49,0.23,0.34927
0.6,0.16,-0.34063
0.97,0.3,0.05382
0.58,0.29,-0.21989
0.71,0.35,-0.56469
0.98,0.38,0.33351
0.02,0.33,0.36404
0.09,0.35,0.91543
0.58,0.84,0.21253
0.13,0.99,1.7046
0.73,0.73,-0.27128
0.32,0.72,1.6868
0.2,0.05,1.0855
0.66,0.33,-0.50807
0.53,0.1,-0.15007
0.7,0.43,-0.46805
0.7,0.46,-0.53205
0.14,0.5,1.214
0.48,0.93,1.0596
0.78,0.08,-0.94483
0.89,0.46,-0.22038
0.31,0.78,1.7108
0.77,0.25,-0.73731
0.24,0.64,1.6299
0.96,0.82,0.52099
0.71,0.04,-0.89845
0.87,0.01,-0.66068
0.11,0.77,1.3681
0.78,0.32,-0.64413
0.19,0.05,1.033
0.88,0.25,-0.4813
0.81,0.15,-0.68921
0.2,0.5,1.3769
0.25,0.29,1.3165
0.38,0.31,1.1276
0.7,0.7,-0.21339
0.65,0.44,-0.28893
0.57,0.04,-0.36997
0.44,0.23,0.57949
0.35,0.66,1.5201
0.63,0.62,-0.037488
0.51,0.89,0.92516
0.46,0.51,0.8412
0.84,0.86,0.09344
0.97,0.82,0.5985
0.32,0.04,0.94623
0.99,0.58,0.48246
0.47,0.15,0.30679
0.91,0.42,-0.08695
0.46,0.56,0.85955
0.01,0.05,0.10173
0.61,0.1,-0.48921
0.89,0.71,0.14162
0.63,0.93,0.24351
0.32,0.4,1.415
0.5,0.18,0.20685
0.16,0.86,1.7458
0.45,0.91,1.3361
0.05,0.68,1.0133
0.36,0.6,1.3576
0.34,0.35,1.2062
0.64,0.79,0.061929
0.32,0.69,1.6203
0.76,0.76,-0.22442
0.75,0.23,-0.77027
0.79,0.28,-0.72237
0.41,0.05,0.51463
0.23,0.45,1.3909
0.75,0.71,-0.35994
0.4,1,1.604
0.68,0.93,0.078132
0.03,0.93,1.0832
0.76,0.38,-0.6853
0.34,0,0.84133
0.69,0.55,-0.37561
0.1,0.8,1.3269
0.92,0.25,-0.30615
0.42,0.31,0.76601
0.5,0.8,0.82617
0.04,0.77,0.95897
0.16,0.51,1.3929
0.99,0.05,0.034408
0.04,0.19,0.4577
0.54,0.89,0.74243
0.45,0.76,1.0728
0.35,0.97,1.8116
0.04,0.25,0.55163
0.75,0.81,-0.22121
0.51,0.87,0.79922
0.51,0.88,0.7819
0.54,0.39,0.28081
0.68,0.11,-0.71089
0.49,0.77,0.90773
0.73,0.83,-0.15736
0.31,0.71,1.6465
0.55,0.51,0.16332
0.03,0.46,0.66401
0.93,0.83,0.43593
0,0.16,0.16919
0.09,0.26,0.66186
0.35,0.94,1.6135
0.04,0,0.092091
0.86,0.56,-0.1156
0.64,0.97,0.26515
0.43,0.64,1.0472
0.25,0.22,1.2065
0.53,0.29,0.039986
0.11,0.54,1.1579
0.82,0.02,-0.88322
0.95,0.83,0.4779
0.51,0.64,0.55159
0.85,0.41,-0.51361
0.57,0.78,0.40171
0.35,0.39,1.1513
0.18,0.07,0.99701
0.71,0.32,-0.70578
0.9,0.56,0.03363
0.9,0.88,0.3174
0.2,0.29,1.3063
0.29,0.27,1.2864
0.19,0.56,1.4612
0.09,0.4,0.95943
0.51,0.86,0.7892
0.58,0.94,0.4205
0.83,0.74,-0.16669
0.09,0.58,1.1722
0.72,0.04,-0.86143
0.11,0.52,1.1124
0.47,0.71,0.74076
0.57,0.1,-0.29791
0.04,0.03,0.27175
0.84,0.08,-0.64976
0.87,0.81,0.088391
0.45,0.73,0.98603
0.06,0.84,1.2346
0.24,0.12,1.0749
0.45,0.08,0.38542
0.25,0.02,1.0411
0.87,0.27,-0.44856
0.28,0.95,1.8974
0.81,0.52,-0.40812
0.85,0.66,-0.14741
0.35,0.35,1.1994
0.83,0.85,-0.046969
0.72,0.16,-0.84378
0.69,0.75,-0.31038
0.94,0.89,0.53909
0.24,0.35,1.3542
0.23,0.93,1.9177
0,0.25,0.27193
0.58,0.44,-0.043058
0.57,0.9,0.49854
0.64,0.43,-0.31857
0.55,0.82,0.43089
0.44,0.08,0.44512
0.04,0.08,0.30665
0.8,0.01,-0.91287
0.98,0.75,0.58381
0.65,0.81,0.018227
0.29,0.79,1.6913
0.14,0.79,1.6525
0.81,0.79,-0.20079
0.16,0.65,1.4659
0.13,0.22,0.91036
0.91,0.57,0.013302
0.23,0.1,1.0415
0.11,0.14,0.79799
0.86,0.31,-0.42925
0.2,0.16,1.1675
0.25,0.95,1.989
0.39,0.76,1.3403
0.94,0.5,0.17104
0.41,0.44,0.97825
0.62,0.92,0.25408
0.35,0.83,1.5826
0.42,0.61,1.0926
0.95,0.67,0.38502
1,0.12,0.080168
0.37,0.86,1.6106
0.04,0.43,0.69228
0.23,0.81,1.7857
0.78,0.03,-0.9069
0.68,0.81,-0.11383
0.62,0.45,-0.25679
0.56,0.85,0.55298
0.74,0.68,-0.31442
0.13,0.93,1.5548
0.52,0.44,0.4509
0.88,0.56,-0.14304
0.14,0.01,0.88399
0.31,0.63,1.5865
0.07,0.87,1.1872
0.33,0.84,1.7327
0.93,0.11,-0.27265
0.97,0.95,0.73052
0.17,0.76,1.5855
0.81,0.51,-0.33284
0.37,0.59,1.2478
1,0.22,0.2284
0.35,0.73,1.5987
0.68,0.56,-0.39191
0.47,0.06,0.21673
0.29,0.4,1.4494
0.2,1,2.002
0.83,0.23,-0.5852
0.74,0.43,-0.53877
0.05,0.58,0.89754
0.78,0.39,-0.52748
0.5,0.27,0.26308
0.67,0.12,-0.7755
0.12,0.52,1.2007
0.32,0.29,1.1231
0.83,0.1,-0.94887
0.42,0.94,1.3972
0.6,0.74,0.12408
0.47,0.5,0.70018
0.26,0.2,1.0704
0.18,0.02,1.0378
0.54,0.14,-0.086399
0.78,0.52,-0.46198
0.37,0.1,0.8651
0.69,0.86,-0.11096
0.62,0.59,-0.063426
0.73,0.94,0.00057251
0.4,0.18,0.65987
0.41,0.61,1.0384
0.47,0.76,1.0181
0.62,0.96,0.34717
0.6,0.53,-0.26596
0.04,0.14,0.24889
0.52,0.6,0.56346
0.39,0.78,1.4099
0.74,0.28,-0.83249
0.35,0.19,1.0456
0.3,0.09,1.0682
0.88,0.14,-0.57767
0.36,0.44,1.2006
0.5,0.81,0.78616
0.65,0.79,-0.062756
0.74,0.94,-0.018247
0.04,0.45,0.77613
0.21,0.17,1.1105
0.11,0.46,0.94425
0.85,0.47,-0.30778
0.31,0.65,1.695
0.96,0.77,0.55411
0.49,0.33,0.44978
0.49,0.88,0.94652
0.85,0.02,-0.89366
0.64,0.9,0.072734
0.57,0.54,0.058206
0.92,0.66,0.25751
0.46,0.64,0.93044
0.6,0.69,0.071402
0.37,0.45,1.1861
0.32,0.83,1.6822
0.37,0.8,1.5156
0.67,0.93,0.14227
0.01,0.76,0.77493
0.41,0.13,0.69908
0.31,0.53,1.4242
0.86,0.97,0.30392
0.47,0.41,0.68477
0.51,0.32,0.23937
0.51,0.98,0.95116
0.99,0.36,0.212
0.63,0.85,0.1996
0.38,0.41,1.0828
0.01,0.84,0.7482
0.36,0.97,1.7049
0.65,0.01,-0.84276
0.15,0.75,1.5734
0.1,0.45,1.0175
0.89,0.52,-0.11773
0.71,0.23,-0.79604
0.52,0.33,0.18492
0.06,0.33,0.73083
0.89,0.8,0.11325
0.98,0,-0.089526
0.59,0.68,0.19806
0.48,0.41,0.53481
0.24,0.71,1.7642
0.9,0.24,-0.25207
0.26,0.36,1.3615
0.25,0.3,1.2556
0.39,0.98,1.5187
0.87,0.58,-0.22228
0.46,0.62,0.81573
0.31,0.9,1.7682
0.82,0.91,-0.028783
0.57,0.07,-0.34505
0.71,0.19,-0.71939
0.29,0.19,1.1795
0.57,0.65,0.25295
0.29,0.24,1.1898
0.28,0.86,1.9458
0.56,0.06,-0.25032
0.26,0.79,1.755
0.77,0.77,-0.23344
0.14,0.71,1.5113
0.99,0.24,0.065721
0.64,0.76,-0.077144
0.7,0.41,-0.5155
0.4,0.94,1.7064
0.91,0.31,-0.15687
0.46,0.95,1.2509
0.35,0.75,1.6005
0.36,0.27,0.98614
0.3,0.68,1.5094
0.58,0,-0.41736
0.38,0.25,0.98785
0.4,0.28,0.86292
0.64,0.51,-0.23646
0.25,0.74,1.7866
0.12,0.84,1.4769
0.41,0.71,1.2975
0.35,0.87,1.6237
0.33,0.92,1.8659
0.18,0.21,1.0581
0.57,0.43,-0.10782
0.39,0.73,1.3866
0.19,0.65,1.5631
0.69,0.27,-0.69746
0.01,0.7,0.71009
0.47,0.31,0.57995
0.24,0.77,1.8283
0.66,0.21,-0.61002
0.49,0.83,0.77935
0.69,0.57,-0.32914
0.82,0.15,-0.73711
0.57,0.81,0.4086
0.21,0.5,1.5207
0.16,0.46,1.3795
0.16,0.49,1.3602
0.18,0.33,1.1926
0.24,0.74,1.7078
0.96,0.85,0.55192
0,0.94,0.97729
0,0.35,0.38295
0.29,0.01,0.89643
0.03,0.98,1.0983
0.66,0.46,-0.29416
0.02,0.17,0.29884
0.97,0.64,0.40703
0.81,0.58,-0.30122
0.11,0.04,0.75942
0.2,0.08,1.019
0.12,0.17,0.78126
0.63,0.35,-0.35191
0.97,0.19,0.068057
0.15,0.45,1.3163
0.39,0.22,0.88071
0.5,0.13,0.1556
0.03,0.38,0.4582
0.03,0.3,0.41174
0.59,0.67,-0.017937
0.12,0.56,1.2233
0.95,0.64,0.29497
0.3,0.65,1.5016
0.42,0.23,0.71376
0.45,0.26,0.61692
0.48,0.89,0.96372
0.2,0.37,1.4031
0.03,0.07,0.2429
0.84,0.38,-0.52802
0.75,0.41,-0.57943
1,0.47,0.46164
0.27,1,1.9806
0.28,0.69,1.5933
0.61,0.26,-0.40792
0.77,0.82,-0.18997
0.08,0.17,0.72911
0.1,0.83,1.4296
0.2,0.87,1.8256
0.41,0.58,1.1407
0.49,0.72,0.92092
0.26,0.15,1.0885
0.97,0.99,0.85733
0.58,0.93,0.38281
0.56,0.74,0.42052
0.21,0.48,1.5
0.07,0.28,0.69353
0.05,0.67,1.0409
0.32,0.47,1.4112
0.41,0.86,1.4231
0.88,0.35,-0.33087
0.21,0.2,1.125
0.38,0.35,1.0103
0.99,0.73,0.65636
0.01,0.08,0.22262
0.65,0.33,-0.47323
0.35,0.62,1.4275
0.81,0.96,0.078699
0.54,0.05,-0.24735
0.13,0.39,1.0485
0.98,0.73,0.53613
0.05,0.47,0.72599
0.74,0.65,-0.37787
0.33,0.41,1.2648
0.48,0.76,0.90512
0.25,0.48,1.489
0.85,0.71,0.00046829
0.99,0.15,0.064737
0.18,0.8,1.7055
0.14,0.32,1.0628
0.55,0.83,0.5763
0.9,0.5,-0.060093
0.21,0.09,0.98013
0.24,0.17,1.2568
0.78,0.13,-0.85992
0.17,0.17,1.0813
0.72,0.15,-0.86169
0.57,0.35,-0.036945
0.24,0.7,1.6559
0.48,0.17,0.27823
0.95,0.3,-0.10183
0.37,0.08,0.78761
0.21,0.58,1.6141
0.05,0.75,1.1023
0.3,0.54,1.3758
0.58,0.09,-0.4514
0.94,0.02,-0.3724
0.16,0.59,1.4976
0.34,0.96,1.795
0.56,0.3,0.01403
0.07,0.24,0.80497
0.88,0.64,-0.10061
0.57,0.62,0.10382
0.55,0.95,0.69124
0.93,0.15,-0.32473
0.94,0.86,0.39602
0.27,0.76,1.6961
0.13,0.53,1.2014
0.65,0.43,-0.35469
0.45,0.56,0.95579
0.37,0.96,1.7079
0.9,0.15,-0.31782
0.77,0.71,-0.22682
0.99,0.99,0.86915
0.42,0.25,0.68783
0.92,0.23,-0.30454
0.33,0,0.83627
0.08,0.64,1.0799
0.88,0.28,-0.35746
0.47,0.52,0.85257
0.05,0.21,0.43996
0.89,0.57,-0.016454
0.24,0.21,1.1669
0.12,0.95,1.5296
0.76,0.95,-0.096671
0.02,0.71,0.85981
0.02,0.79,0.94928
0,0.81,0.81083
0.11,0.48,1.1605
0.6,0.44,-0.13663
0.47,0.12,0.2968
0.19,0.94,1.8874
0.75,0.56,-0.45125
0.76,0,-1.0777
0.08,0.52,0.85498
0.93,0.52,0.10645
0.47,0.04,0.25137
0.49,0.8,0.8965
0.56,0.09,-0.2522
0.81,0.42,-0.45522
0.88,0.17,-0.52607
0.64,0.01,-0.74262
0.27,0.27,1.2211
0.36,0.79,1.5914
0.72,0.53,-0.48251
0.11,0.44,1.0831
0.87,0.13,-0.61053
0.38,0.17,0.85871
0.21,0.62,1.6221
0.21,0.56,1.4945
0.39,0.75,1.3814
0.23,0.78,1.7498
0.67,0.05,-0.77135
0.2,0.1,1.0818
0.94,0.73,0.36939
0.86,0.23,-0.6244
0.59,0.89,0.34675
0.43,0.28,0.7266
0.46,0.68,0.79936
0.58,0.42,-0.07719
0.65,0.98,0.19771
0,0.55,0.58823
0.16,0.18,1.0755
0.67,0.17,-0.69104
0.86,0.84,0.012956
0.58,0.15,-0.30433
0.26,0.18,1.1745
0.07,0.12,0.52988
0.05,0.18,0.43435
0.62,0.87,0.23582
0.74,0.7,-0.28161
0.26,0.85,1.8771
0.61,0.75,0.088554
0.64,0.62,-0.097265
0.07,0.82,1.2866
0.77,0.81,-0.11998
0.88,0.47,-0.20701
0.05,0.94,1.2389
0.62,0.23,-0.49754
0.91,0.01,-0.52118
0.93,0.48,0.076375
0.49,0.26,0.34768
0.01,0.99,1.1479
0.71,0.76,-0.26234
0.79,0.85,-0.018796
0.38,0.04,0.77412
0.68,0.28,-0.64645
0.91,0.62,0.06757
1,0.37,0.38676
0.93,0.56,0.12472
0.43,0.61,1.0342
0.58,0.06,-0.51941
0.18,0.99,1.9104
0.15,0.26,1.0761
0.73,0.29,-0.66046
0.53,0.06,-0.17966
0.4,0.29,0.97283
0.99,0.08,-0.02521
0.53,0.99,0.80027
0.49,0.27,0.27977
0.98,0.19,0.051659
0.4,0.25,0.75444
0.08,0.18,0.63546
0.2,0.71,1.5804
0.18,0.5,1.4063
0.75,0.14,-0.80734
0.25,0.12,1.0492
0.76,0.9,-0.046304
1,0.85,0.81211
0.72,0.02,-0.9372
0.34,0.05,0.92145
0.95,0.46,0.15419
0.38,0.79,1.4325
0.21,0.3,1.1281
0.2,0.18,1.1751
0.73,0.05,-0.82867
0.8,0.19,-0.73666
0,0.77,0.73179
0.77,0.39,-0.62719
0.58,0.64,0.090082
0.4,0.75,1.3608
0.44,0.99,1.4083
0.59,0.5,0.055478
0.11,0.37,1.0785
0.51,0.84,0.73736
0,0.52,0.42824
0.07,0.57,1.0875
0.74,0.73,-0.23625
1,0.21,0.19812
0.16,0.03,0.82798
0.5,0.5,0.50022
0.14,0.64,1.3457
0.67,0.72,-0.19835
0.33,0.22,1.0594
0.25,0.39,1.2135
0.43,0.5,1.0225
0.48,0.26,0.48348
0.34,0.26,1.0094
0.84,0.05,-0.72316
0.86,0.05,-0.70166
0.33,0.11,0.98959
0.72,0.46,-0.56411
0.29,0.31,1.2971
0.38,0.93,1.6096
0.39,0.18,0.79268
0.3,0.76,1.7448
0.74,0.92,-0.24788
0.2,0,0.84178
0.37,0.66,1.3889
0.62,0.56,-0.14549
0.67,0.09,-0.66652
0.59,0.66,0.19737
0.08,0.08,0.58607
0.48,0.15,0.20043
0.93,0.71,0.22479
0.91,0.67,0.13029
0.95,0.84,0.54554
0.75,0.08,-0.88342
0.52,0.65,0.41465
0.03,0.52,0.67069
0.35,0.47,1.2795
0.48,0.56,0.73197
0.12,0.93,1.5566
0.54,0.01,-0.22098
0.43,0.41,0.97288
0.55,0.87,0.5755
0.71,0.6,-0.36113
0.21,0.57,1.5317
0.62,0.15,-0.56304
0.08,0.84,1.3604
0.69,0.47,-0.42183
0.52,0.85,0.767
1,0.94,0.88187
0.92,0.88,0.37126
0.44,0.12,0.53683
0.13,0.88,1.6416
0.66,0.81,-0.095998
0.08,0.61,1.1172
0.8,0.09,-0.87096
0.95,0.79,0.47633
0.34,0.19,1.0074
0.25,0.4,1.4606
0.6,0.62,-0.05914
0.1,0.91,1.5391
0.92,0.69,0.29433
0.44,0.8,1.1621
0.66,0.14,-0.6445
0.56,0.31,0.046787
0.17,0.34,1.076
0.67,0.94,0.010873
0.69,0.29,-0.63315
0.82,0.05,-0.81736
0.64,0.04,-0.69229
0.99,0.78,0.77606
0.1,0.77,1.3726
0.61,0.52,-0.11688
0.17,0.86,1.8065
0.15,0.3,1.0104
0.59,0.96,0.2981
0.85,0.38,-0.50286
0.7,0.42,-0.59825
0.38,0.09,0.82869
0.93,0.31,-0.22448
0.52,0.17,0.032542
0.46,1,1.2429
0.23,0.14,1.243
0.2,0.12,1.0556
0.64,0.12,-0.75691
0.73,0.55,-0.51718
0.08,0.33,0.71464
0.62,0.26,-0.43925
0.43,0.37,0.88691
0.9,0.31,-0.30295
0.41,0.34,0.87781
0.01,0.94,1.0243
0.39,0.83,1.5728
0.05,0.1,0.37821
0.78,0.62,-0.33011
0.13,0.52,1.2197
0.15,0.73,1.6299
0.15,0.03,0.86885
0.9,0.14,-0.41414
0.65,0.51,-0.42356
0.55,1,0.62133
0.72,0.18,-0.85402
0.38,0.02,0.63408
0.58,0.21,-0.24596
0.46,0.35,0.61672
0.13,0.08,0.86183
0.55,0.55,0.25884
0.38,0.48,1.249
0.36,0.77,1.5232
0.46,0.97,1.2354
0.4,0.24,0.81702
0.08,0.62,1.0964
0.9,0.22,-0.31768
0.62,0.34,-0.42004
0.77,0.47,-0.53925
0.82,0.3,-0.50423
0.85,0.59,-0.26041
0.28,0.15,1.1562
0.21,0.85,1.735
0.72,0.08,-0.84099
0.03,0.78,1.0248
0.54,0.84,0.56254
0.74,0.27,-0.71168
0.42,0.33,0.72567
0.22,0.12,1.0427
0.03,0.57,0.78002
0.03,0.69,0.93952
0.45,0.59,0.93013
0.84,0.79,-0.055411
0.89,0.62,0.020873
0.96,0.75,0.50808
0.06,0.74,1.0793
0.72,0.59,-0.349
0.29,0.92,1.8154
0.64,0.52,-0.32363
0.78,0.28,-0.80563
0.99,0.26,0.11701
0.45,0.96,1.2015
0.68,0.74,-0.19738
0.9,0.87,0.30649
0.82,0.9,0.030281
0.32,0.66,1.5934
0.08,0.57,1.0407
1,0.66,0.67116
0.64,0.48,-0.24689
0.25,0.27,1.2938
0.29,0.54,1.5341
0.54,0.98,0.78129
0.58,0.86,0.47437
0.05,0.27,0.59158
0.03,0.44,0.67101
0.73,0,-0.9824
0.51,0.17,0.13023
0.05,0.44,0.72229
0.56,0.47,0.041602
0.34,0.88,1.7467
0.83,0.5,-0.34022
0.31,0.3,1.2965
0.86,0.8,0.032444
0.41,0.3,0.83286
0.2,0.17,1.0772
0.42,0.17,0.67586
0.04,0.07,0.33078
0.81,0.22,-0.77277
0.25,0.13,1.2743
0.32,0.18,1.1577
0.92,0.03,-0.43878
0.18,0.66,1.5979
0.74,0.83,-0.077652
0.79,0.32,-0.58859
0.23,0.67,1.6554
0.08,0.42,0.97879
0.74,0.11,-0.88106
0.8,0.32,-0.64504
0.96,0.43,0.17045
0.82,0.92,-0.0086903
0.03,0.13,0.26304
0.22,0.32,1.2939
0.91,0.8,0.33104
0.51,0.37,0.30035
0.39,0.99,1.618
0.62,0.07,-0.58848
0.51,0.56,0.4758
0.56,0.23,-0.097051
0.09,0.12,0.62647
0.21,0.03,0.91779
0.99,0.48,0.44909
0.96,0.04,-0.24254
0.37,0.33,1.1188
0.24,0.65,1.641
0.13,0.72,1.5677
0.66,0.1,-0.68226
0.38,0.28,0.95216
0.32,0.21,1.0475
0.28,0.16,1.1191
0.12,0.96,1.7136
0.7,0.73,-0.18852
0.25,0.33,1.3039
0.47,0.69,0.9789
0.65,0.76,-0.15043
0.01,0.41,0.531
0.15,0.14,0.85278
0.37,0.94,1.6517
0.27,0.44,1.5755
0.67,0.53,-0.35766
0.22,0.17,1.1725
0.65,0.04,-0.6276
0.68,0.78,-0.15042
0.02,0.05,0.25199
0.77,0.57,-0.49324
0.77,0.5,-0.49685
0.51,0.02,0.052122
0.72,0.03,-0.85499
0.18,0.16,1.0094
0.36,0.7,1.5213
0,0.5,0.50295
0.2,0.14,1.0505
0.24,0.83,1.8903
0.72,0.88,-0.15088
0.21,0.33,1.3594
0.15,0.95,1.7102
0.95,0.86,0.58568
0.73,0.37,-0.56216
0.86,0.39,-0.35532
0.39,0,0.7749
0.82,0.1,-0.84549
0.56,0.77,0.36833
0.44,0.11,0.46822
0.23,0.41,1.3648
0.67,0.19,-0.64559
0.33,0.71,1.5921
0.39,0.17,0.86555
0.09,0.13,0.66521
0.97,0.02,-0.23754
0.48,0.46,0.59472
0.88,0.96,0.30871
0.55,0.54,0.2826
0.54,0.03,-0.28885
0.39,0.33,0.94922
0.87,0.92,0.18084
0.29,0.86,1.7688
0.66,0.4,-0.48102
0.34,0.5,1.3553
0.08,0.94,1.4108
0.12,0.59,1.2747
0.18,0.98,1.9361
0.26,0.53,1.4757
0.23,0.62,1.6094
0.64,0.07,-0.61416
0.24,0.68,1.6769
0.18,0.13,1.0339
0.96,0.92,0.706
0.91,0.21,-0.28127
0.59,1,0.44902
0.67,0.44,-0.47728
0.68,0.79,-0.16151
0.73,0.75,-0.28811
0.48,0.33,0.48685
0.9,0.17,-0.32236
0.68,1,0.07162
0.17,0.82,1.6572
0.69,0.45,-0.49147
0.32,0.59,1.4786
0.11,0.98,1.7989
0.82,0.33,-0.57373
0.02,0.61,0.68342
0.86,0.62,-0.22351
0.99,0.6,0.5041
0.36,0.12,0.91365
0.22,0.19,1.2121
0.17,0.67,1.5381
0.96,0.66,0.36561
0.24,0.38,1.3221
0.14,0.36,1.1854
0.63,0.23,-0.47385
0.1,0.75,1.3142
0.82,0.36,-0.50736
0.12,0.66,1.332
0.14,0.38,1.17
0.88,0.6,-0.073162
0.28,0.43,1.4428
0.79,0.03,-0.90442
0.36,0.71,1.4975
0.61,0.98,0.31099
0.69,0.82,-0.19979
0.74,0.2,-0.76415
0.86,0.76,0.0193
0.27,0.1,1.0183
0.2,0.01,0.99903
0.42,0.13,0.61719
0.23,0.24,1.1743
0.45,0.75,1.0219
0.14,0.49,1.1568
0.81,0.78,-0.1573
0.49,0.65,0.74018
0.95,0.77,0.41132
0.8,0.52,-0.44785
0.98,0.74,0.50034
0.64,0.85,0.12939
0.38,0.68,1.3566
0.68,0.72,-0.16054
0.37,0.35,0.96425
0.7,0.54,-0.40813
0.95,0.58,0.33333
0.97,0.86,0.75392
0.33,0.18,1.0221
0.67,0.81,-0.039032
0.68,0.66,-0.24626
0.21,0.13,1.16
0.03,0,0.22761
0.97,0.49,0.2762
0.65,0.34,-0.4322
0.85,0.55,-0.29912
0.12,0.14,0.75343
0.23,0.58,1.5076
0.65,0.28,-0.49953
0.76,0.87,0.0047075
0.53,0.65,0.38235
0.93,0.75,0.31244
0.92,0.09,-0.33962
0.54,0,-0.32368
0.91,0.19,-0.32452
0.18,0.88,1.8574
0.18,0.4,1.2722
0.62,0.58,-0.12926
0.07,0.5,0.89717
0.27,0.07,0.9576
0.53,0.97,0.82423
0.77,0.93,-0.083368
0.5,0.07,-0.017612
0.21,0.86,1.8082
0.84,0.18,-0.71404
0.06,0.13,0.58845
0.35,0.06,0.87302
0.86,0.91,0.18975
